Date Created, Solar Voltage, Solar Current, Battery Voltage, Inverter Charge Current, Usage Current, Solar Harvest, Battery Charge, Inverter Charge, Usage Charge, Date Extended,,
04/01/2022 12:08,15.05096912,0.920469344,13.57774544,0,-5.889368057,15.18967628, -∞,2.40E+17, ∞, ,,
04/01/2022 12:08,15.05096912,0.980130255,13.58626842,0,-6.00868988,15.19361496, -∞,2.40E+17, ∞, ,,
04/01/2022 12:08,15.08506107,1.005699277,13.61183739,0,-6.051304817,15.19750118, -∞,2.40E+17, ∞, ,,
04/01/2022 12:09,15.26404381,1.150590062,11.9157629,0,-6.281425476,15.2022419, -∞,2.40E+17, ∞, ,,
04/01/2022 12:09,15.49416447,0.264199317,13.96980286,0,-6.17062664,15.20715141, -∞,2.40E+17, ∞, ,,
04/01/2022 12:09,15.48564148,1.201727986,14.01241779,0,-6.059827805,15.21191597, -∞,2.40E+17, ∞, ,,
04/01/2022 12:09,15.58791733,1.261388898,14.13173962,0,-6.04278183,15.21669102, -∞,2.40E+17, ∞, ,,
04/01/2022 12:10,16.11634254,1.210250974,14.65164185,0,-5.727431297,15.22189808, -∞,2.40E+17, ∞, ,,
04/01/2022 12:10,16.03111267,1.176159024,14.57493496,0,-4.389322281,15.22656155, -∞,2.40E+17, ∞, ,,
04/01/2022 12:10,15.98849773,1.193204999,14.52379704,0,-5.55697155,15.23156929, -∞,2.40E+17, ∞, ,,
04/01/2022 12:10,16.04815865,1.227296948,14.56641197,0,-5.591063499,15.23655987, -∞,2.40E+17, ∞, ,,
04/01/2022 12:11,16.19304848,1.210250974,14.72834873,0,-5.650724411,15.24163437, -∞,2.40E+17, ∞, ,,
04/01/2022 12:11,16.32941628,1.193204999,14.86471653,0,-5.701862335,15.24676228, -∞,2.40E+17, ∞, ,,
04/01/2022 12:11,16.15043449,1.1250211,14.66868782,0,-5.275712967,15.25168705, -∞,2.40E+17, ∞, ,,
04/01/2022 12:11,16.34646225,1.184682012,14.8817625,0,-5.488787651,15.25665569, -∞,2.40E+17, ∞, ,,
04/01/2022 12:12,16.33794022,1.184682012,14.87323952,0,-3.912035227,15.26168919, -∞,2.40E+17, ∞, ,,
04/01/2022 12:12,16.23566437,1.176159024,14.77096367,0,-5.412080765,15.26623726, -∞,2.40E+17, ∞, ,,
04/01/2022 12:21,14.94017029,0.775578558,13.36467075,0,-5.897891045,15.42232132, -∞,2.40E+17, ∞, ,,
04/01/2022 12:36,16.15043449,1.082406163,14.6857338,0,-5.250144005,15.69742584, -∞,2.40E+17, ∞, ,,
04/01/2022 12:36,16.19304848,1.073883176,14.71130276,0,-3.451793909,15.70021915, -∞,2.40E+17, ∞, ,,
04/01/2022 12:37,16.15895653,1.082406163,14.69425678,0,-5.369465828,15.70477581, -∞,2.40E+17, ∞, ,,
04/02/2022 07:30,13.53387737,0.485796988,12.06917667,0,-6.639390945,20.30199432, -∞,2.40E+17, ∞, ,,
04/02/2022 07:30,13.52535439,0.485796988,12.06065369,0,-6.392224312,20.30406189, -∞,2.40E+17, ∞, ,,
04/02/2022 07:30,13.53387737,0.477274001,12.06065369,0,-6.639390945,20.30605888, -∞,2.40E+17, ∞, ,,
04/02/2022 07:30,13.5168314,0.477274001,12.06065369,0,-6.460408211,20.30852318, -∞,2.40E+17, ∞, ,,
04/02/2022 07:31,13.52535439,0.468751013,12.06917667,0,-4.252954483,20.30991364, -∞,2.40E+17, ∞, ,,
04/02/2022 07:31,13.5168314,0.468751013,12.04360771,0,-6.451885223,20.31192398, -∞,2.40E+17, ∞, ,,
04/02/2022 07:31,13.50830841,0.460228026,12.04360771,0,-6.545638084,20.31389618, -∞,2.40E+17, ∞, ,,
04/02/2022 07:31,13.22704983,0.460228026,12.04360771,0,-6.571207047,20.31585312, -∞,2.40E+17, ∞, ,,
04/02/2022 07:32,13.50830841,0.451705039,12.04360771,0,-6.767235756,20.31780815, -∞,2.40E+17, ∞, ,,
04/02/2022 07:32,13.49126244,0.519888937,12.03508472,0,-6.520069122,20.31959724, -∞,2.40E+17, ∞, ,,
04/02/2022 07:32,13.55092335,0.443182051,12.03508472,0,-6.562684059,20.3215332, -∞,2.40E+17, ∞, ,,
04/02/2022 07:32,13.50830841,0.443182051,12.03508472,0,-6.784281731,20.32344818, -∞,2.40E+17, ∞, ,,
04/02/2022 07:33,13.50830841,0.443182051,12.0521307,0,-4.29556942,20.32531357, -∞,2.40E+17, ∞, ,,
04/02/2022 07:33,13.48273945,0.426136076,11.92428589,0,-6.579730034,20.32717323, -∞,2.40E+17, ∞, ,,
04/02/2022 07:33,13.50830841,0.443182051,12.03508472,0,-6.767235756,20.32901001, -∞,2.40E+17, ∞, ,,
04/02/2022 07:33,13.48273945,0.417613089,12.00951576,0,-4.448983192,20.3308773, -∞,2.40E+17, ∞, ,,
04/02/2022 07:34,13.48273945,0.434659064,11.93280888,0,-3.988742113,20.33255577, -∞,2.40E+17, ∞, ,,
04/02/2022 07:34,13.48273945,0.434659064,10.41571712,0,-6.613821983,20.33440018, -∞,2.40E+17, ∞, ,,
04/02/2022 07:34,13.49978542,0.528411925,12.02656174,0,-6.792804718,20.33631134, -∞,2.40E+17, ∞, ,,
04/02/2022 07:34,13.49126244,0.451705039,12.03508472,0,-4.244431496,20.33821487, -∞,2.40E+17, ∞, ,,
04/02/2022 07:35,13.5168314,0.460228026,12.01803875,0,-6.579730034,20.34015656, -∞,2.40E+17, ∞, ,,
04/02/2022 07:35,13.49978542,0.460228026,12.03508472,0,-6.85246563,20.34209442, -∞,2.40E+17, ∞, ,,
04/02/2022 07:35,13.5168314,0.460228026,12.0521307,0,-4.491598129,20.3439579, -∞,2.40E+17, ∞, ,,
04/02/2022 07:35,13.48273945,0.460228026,12.02656174,0,-6.52859211,20.3459301, -∞,2.40E+17, ∞, ,,
04/02/2022 07:36,13.48273945,0.468751013,12.01803875,0,-6.639390945,20.3478508, -∞,2.40E+17, ∞, ,,
04/02/2022 07:36,13.49126244,0.460228026,12.02656174,0,-5.957551956,20.34922791, -∞,2.40E+17, ∞, ,,
04/02/2022 07:36,13.5168314,0.51136595,12.03508472,0,-6.860988617,20.34984779, -∞,2.40E+17, ∞, ,,
04/02/2022 07:36,13.49978542,0.485796988,12.00951576,0,-4.287046432,20.35182571, -∞,2.40E+17, ∞, ,,
04/02/2022 07:36,13.5850153,0.485796988,12.02656174,0,-6.579730034,20.35386276, -∞,2.40E+17, ∞, ,,
04/02/2022 07:37,13.49126244,0.485796988,12.03508472,0,-6.119488716,20.35594177, -∞,2.40E+17, ∞, ,,
04/02/2022 07:37,13.5168314,0.502842963,12.0521307,0,-6.85246563,20.35789108, -∞,2.40E+17, ∞, ,,
04/02/2022 07:37,13.50830841,0.502842963,12.0521307,0,-4.636488914,20.35994148, -∞,2.40E+17, ∞, ,,
04/02/2022 07:37,13.49978542,0.502842963,12.03508472,0,-6.588253021,20.36205673, -∞,2.40E+17, ∞, ,,
04/02/2022 07:38,13.49978542,0.562503874,12.03508472,0,-6.434839249,20.36422157, -∞,2.40E+17, ∞, ,,
04/02/2022 07:38,13.50830841,0.51136595,12.04360771,0,-6.997356415,20.3663063, -∞,2.40E+17, ∞, ,,
04/02/2022 07:38,13.53387737,0.502842963,12.06917667,0,-4.508644104,20.3683548, -∞,2.40E+17, ∞, ,,
04/02/2022 07:38,13.49978542,0.519888937,12.04360771,0,-6.673482895,20.37038612, -∞,2.40E+17, ∞, ,,
04/02/2022 07:39,13.5168314,0.528411925,12.04360771,0,-6.579730034,20.37259483, -∞,2.40E+17, ∞, ,,
04/02/2022 07:39,13.52535439,0.588072836,12.0521307,0,-6.792804718,20.37487793, -∞,2.40E+17, ∞, ,,
04/02/2022 07:39,13.54240036,0.536934912,12.07769966,0,-4.431937218,20.37714577, -∞,2.40E+17, ∞, ,,
04/02/2022 07:39,13.50830841,0.528411925,11.94985485,0,-6.49450016,20.37943649, -∞,2.40E+17, ∞, ,,
04/02/2022 07:40,13.5168314,0.536934912,12.0521307,0,-6.69052887,20.38163376, -∞,2.40E+17, ∞, ,,
04/02/2022 07:40,13.52535439,0.5454579,12.06065369,0,-6.81837368,20.38363457, -∞,2.40E+17, ∞, ,,
04/02/2022 07:40,13.54240036,0.553980887,12.08622265,0,-4.491598129,20.38585663, -∞,2.40E+17, ∞, ,,
04/02/2022 07:40,13.5168314,0.485796988,12.0521307,0,-6.613821983,20.38812447, -∞,2.40E+17, ∞, ,,
04/02/2022 07:41,13.52535439,0.571026862,12.06065369,0,-6.699051857,20.39035416, -∞,2.40E+17, ∞, ,,
04/02/2022 07:41,13.55092335,0.588072836,12.07769966,0,-6.895080566,20.3928299, -∞,2.40E+17, ∞, ,,
04/02/2022 07:41,13.55944633,0.596595824,12.09474564,0,-4.448983192,20.39532471, -∞,2.40E+17, ∞, ,,
04/02/2022 07:41,13.54240036,0.596595824,12.07769966,0,-6.605298996,20.39770699, -∞,2.40E+17, ∞, ,,
04/02/2022 07:42,13.54240036,0.588072836,12.06917667,0,-6.699051857,20.40002441, -∞,2.40E+17, ∞, ,,
04/02/2022 07:42,13.6531992,0.588072836,12.10326862,0,-4.576828003,20.40253258, -∞,2.40E+17, ∞, ,,
04/02/2022 07:42,13.53387737,0.579549849,12.06917667,0,-6.613821983,20.40496826, -∞,2.40E+17, ∞, ,,
04/02/2022 07:42,13.54240036,0.562503874,12.06917667,0,-6.792804718,20.40728569, -∞,2.40E+17, ∞, ,,
04/02/2022 07:43,13.52535439,0.571026862,12.06065369,0,-6.707574844,20.4096756, -∞,2.40E+17, ∞, ,,
04/02/2022 07:43,13.52535439,0.562503874,12.06065369,0,-6.36665535,20.4120903, -∞,2.40E+17, ∞, ,,
04/02/2022 07:43,13.49126244,0.553980887,12.02656174,0,-7.542827606,20.41425514, -∞,2.40E+17, ∞, ,,
04/02/2022 07:43,13.49978542,0.596595824,12.03508472,0,-7.449074745,20.41658974, -∞,2.40E+17, ∞, ,,
04/02/2022 07:44,13.50830841,0.5454579,12.04360771,0,-5.122299194,20.41890144, -∞,2.40E+17, ∞, ,,
04/02/2022 07:44,13.50830841,0.553980887,12.03508472,0,-7.005879402,20.42111206, -∞,2.40E+17, ∞, ,,
04/02/2022 07:44,13.47421646,0.536934912,12.02656174,0,-6.963264465,20.42342377, -∞,2.40E+17, ∞, ,,
04/02/2022 07:44,13.48273945,0.639210761,12.00951576,0,-7.253046036,20.42578316, -∞,2.40E+17, ∞, ,,
04/02/2022 07:45,13.48273945,0.562503874,12.01803875,0,-7.338275909,20.42800522, -∞,2.40E+17, ∞, ,,
04/02/2022 07:45,13.48273945,0.553980887,12.01803875,0,-7.159293175,20.43018723, -∞,2.40E+17, ∞, ,,
04/02/2022 07:45,13.48273945,0.562503874,12.01803875,0,-7.312706947,20.43255997, -∞,2.40E+17, ∞, ,,
04/02/2022 07:45,13.5168314,0.571026862,12.03508472,0,-7.227477074,20.43494606, -∞,2.40E+17, ∞, ,,
04/02/2022 07:46,13.49126244,0.579549849,11.93280888,0,-4.951839447,20.43738937, -∞,2.40E+17, ∞, ,,
04/02/2022 07:46,13.49126244,0.579549849,12.02656174,0,-7.295660973,20.43984222, -∞,2.40E+17, ∞, ,,
04/02/2022 07:46,13.5168314,0.596595824,12.0521307,0,-5.113776207,20.44189262, -∞,2.40E+17, ∞, ,,
04/02/2022 07:46,13.49126244,0.596595824,12.00951576,0,-7.176339149,20.44456482, -∞,2.40E+17, ∞, ,,
04/02/2022 07:47,13.29523373,0.588072836,12.02656174,0,-7.125201225,20.44655037, -∞,2.40E+17, ∞, ,,
04/02/2022 07:47,13.5168314,0.588072836,11.95837784,0,-5.079684258,20.44906044, -∞,2.40E+17, ∞, ,,
04/02/2022 07:47,13.49126244,0.596595824,12.02656174,0,-7.346798897,20.45156097, -∞,2.40E+17, ∞, ,,
04/02/2022 07:47,13.49978542,0.596595824,12.02656174,0,-7.261569023,20.45404625, -∞,2.40E+17, ∞, ,,
04/02/2022 07:48,13.49126244,0.588072836,12.02656174,0,-7.338275909,20.45656586, -∞,2.40E+17, ∞, ,,
04/02/2022 07:48,13.49126244,0.596595824,12.02656174,0,-7.346798897,20.45904541, -∞,2.40E+17, ∞, ,,
04/02/2022 07:48,13.49978542,0.588072836,12.02656174,0,-7.406459808,20.4613533, -∞,2.40E+17, ∞, ,,
04/02/2022 07:48,13.52535439,0.596595824,12.06065369,0,-5.164914131,20.46372795, -∞,2.40E+17, ∞, ,,
04/02/2022 07:49,13.49978542,0.596595824,12.01803875,0,-7.159293175,20.46609879, -∞,2.40E+17, ∞, ,,
04/02/2022 07:49,13.49978542,0.588072836,12.03508472,0,-7.346798897,20.46860123, -∞,2.40E+17, ∞, ,,
04/02/2022 07:49,13.5168314,0.588072836,12.0521307,0,-5.173437119,20.47092056, -∞,2.40E+17, ∞, ,,
04/02/2022 07:49,13.49126244,0.579549849,12.02656174,0,-7.372367859,20.47336197, -∞,2.40E+17, ∞, ,,
04/02/2022 07:50,13.78956699,0.588072836,12.32486629,0,-1.83242619,20.47564888, -∞,2.40E+17, ∞, ,,
04/02/2022 07:50,13.88331985,0.579549849,12.39305019,0,-1.83242619,20.47810173, -∞,2.40E+17, ∞, ,,
04/02/2022 07:50,13.9174118,0.579549849,12.46123409,0,-1.823903203,20.48030663, -∞,2.40E+17, ∞, ,,
04/02/2022 07:50,13.96002674,0.571026862,12.50384903,0,-1.823903203,20.48260498, -∞,2.40E+17, ∞, ,,
04/02/2022 07:51,14.00264168,0.553980887,12.44418812,0,-1.815380216,20.48496628, -∞,2.40E+17, ∞, ,,
04/02/2022 07:51,14.03673363,0.5454579,12.58055592,0,-1.806857228,20.48730469, -∞,2.40E+17, ∞, ,,
04/02/2022 07:51,14.06230259,0.536934912,12.51237202,0,-1.798334241,20.48958015, -∞,2.40E+17, ∞, ,,
04/02/2022 07:51,14.09639454,0.536934912,12.64021683,0,-2.096638918,20.49169159, -∞,2.40E+17, ∞, ,,
04/02/2022 07:52,14.1219635,0.536934912,12.6572628,0,-1.781288266,20.4939537, -∞,2.40E+17, ∞, ,,
04/02/2022 07:52,14.13900948,0.519888937,12.68283176,0,-1.781288266,20.49552727, -∞,2.40E+17, ∞, ,,
04/02/2022 07:52,14.14753246,0.272748888,12.69135475,0,-1.772765279,20.49615097, -∞,2.40E+17, ∞, ,,
04/02/2022 07:52,14.16457844,0.528411925,12.70840073,0,-1.772765279,20.49838829, -∞,2.40E+17, ∞, ,,
04/02/2022 07:52,14.18162441,0.528411925,12.7254467,0,-2.002886057,20.50062561, -∞,2.40E+17, ∞, ,,
04/02/2022 07:53,14.20719337,0.519888937,12.70840073,0,-1.755719304,20.50283813, -∞,2.40E+17, ∞, ,,
04/02/2022 07:53,14.21571636,0.528411925,12.75953865,0,-1.747196317,20.50502396, -∞,2.40E+17, ∞, ,,
04/02/2022 07:53,14.3265152,0.519888937,12.76806164,0,-1.747196317,20.50709343, -∞,2.40E+17, ∞, ,,
04/03/2022 07:30,13.38898659,0.528411925,11.92428589,0,-6.503023148,28.99432564, -∞,2.40E+17, ∞, ,,
04/03/2022 07:30,13.38898659,0.528411925,11.92428589,0,-6.485977173,28.99654961, -∞,2.40E+17, ∞, ,,
04/03/2022 07:30,13.39750957,0.528411925,11.92428589,0,-6.682005882,28.99875641, -∞,2.40E+17, ∞, ,,
04/03/2022 07:30,13.38898659,0.485796988,11.92428589,0,-6.605298996,29.00099564, -∞,2.40E+17, ∞, ,,
04/03/2022 07:31,13.39750957,0.536934912,11.92428589,0,-6.613821983,29.00327873, -∞,2.40E+17, ∞, ,,
04/03/2022 07:31,13.39750957,0.5454579,11.92428589,0,-6.954741478,29.00559235, -∞,2.40E+17, ∞, ,,
04/03/2022 07:31,13.40603256,0.536934912,11.94133186,0,-6.750189781,29.00758362, -∞,2.40E+17, ∞, ,,
04/03/2022 07:31,13.53387737,0.5454579,11.97542381,0,-4.58535099,29.00987053, -∞,2.40E+17, ∞, ,,
04/03/2022 07:32,13.39750957,0.5454579,11.93280888,0,-6.511546135,29.01221275, -∞,2.40E+17, ∞, ,,
04/03/2022 07:32,13.39750957,0.5454579,11.93280888,0,-6.605298996,29.0143795, -∞,2.40E+17, ∞, ,,
04/03/2022 07:32,13.40603256,0.553980887,11.93280888,0,-6.69052887,29.01669312, -∞,2.40E+17, ∞, ,,
04/03/2022 07:32,13.44012451,0.553980887,11.97542381,0,-4.568305016,29.01903152, -∞,2.40E+17, ∞, ,,
04/03/2022 07:33,13.49978542,0.553980887,11.94133186,0,-6.520069122,29.02139282, -∞,2.40E+17, ∞, ,,
04/03/2022 07:33,13.40603256,0.553980887,11.94133186,0,-6.699051857,29.02375031, -∞,2.40E+17, ∞, ,,
04/03/2022 07:33,13.44012451,0.571026862,11.97542381,0,-4.74728775,29.02885818, -∞,2.40E+17, ∞, ,,
04/03/2022 07:34,13.4486475,0.562503874,11.9839468,0,-4.713195801,29.03068733, -∞,2.40E+17, ∞, ,,
04/03/2022 07:34,13.41455555,0.562503874,11.94985485,0,-6.52859211,29.03294945, -∞,2.40E+17, ∞, ,,
04/03/2022 07:34,13.41455555,0.562503874,11.94985485,0,-6.699051857,29.03532982, -∞,2.40E+17, ∞, ,,
04/03/2022 07:34,13.41455555,0.562503874,11.94985485,0,-6.903603554,29.03774452, -∞,2.40E+17, ∞, ,,
04/03/2022 07:35,13.41455555,0.553980887,11.94985485,0,-6.767235756,29.04011536, -∞,2.40E+17, ∞, ,,
04/03/2022 07:35,13.42307854,0.571026862,11.94985485,0,-6.758712769,29.04232407, -∞,2.40E+17, ∞, ,,
04/03/2022 07:35,13.45717049,0.571026862,11.9839468,0,-6.946218491,29.04472923, -∞,2.40E+17, ∞, ,,
04/03/2022 07:35,13.43160152,0.562503874,11.96690083,0,-6.81837368,29.04715919, -∞,2.40E+17, ∞, ,,
04/03/2022 07:36,13.4486475,0.571026862,11.9839468,0,-4.551259041,29.04960442, -∞,2.40E+17, ∞, ,,
04/03/2022 07:36,13.50830841,0.571026862,11.94985485,0,-6.613821983,29.05202866, -∞,2.40E+17, ∞, ,,
04/03/2022 07:36,13.50830841,0.579549849,11.95837784,0,-6.775758743,29.05444908, -∞,2.40E+17, ∞, ,,
04/03/2022 07:36,13.5168314,0.579549849,11.95837784,0,-6.741666794,29.05671501, -∞,2.40E+17, ∞, ,,
04/03/2022 07:37,13.85775089,0.588072836,12.36748123,0,-1.781288266,29.05919266, -∞,2.40E+17, ∞, ,,
04/03/2022 07:37,13.97707272,0.588072836,12.520895,0,-1.772765279,29.06166267, -∞,2.40E+17, ∞, ,,
04/03/2022 07:37,14.01968765,0.588072836,12.56350994,0,-1.764242291,29.06412888, -∞,2.40E+17, ∞, ,,
04/03/2022 07:37,14.07082558,0.588072836,12.61464787,0,-1.764242291,29.06663322, -∞,2.40E+17, ∞, ,,
04/03/2022 07:38,14.1219635,0.579549849,12.6572628,0,-1.900610089,29.06904602, -∞,2.40E+17, ∞, ,,
04/03/2022 07:38,14.15605545,0.579549849,12.66578579,0,-1.738673329,29.07147789, -∞,2.40E+17, ∞, ,,
04/03/2022 07:38,14.1901474,0.571026862,12.73396969,0,-1.730150342,29.07369804, -∞,2.40E+17, ∞, ,,
04/03/2022 07:38,14.22423935,0.562503874,12.75953865,0,-1.730150342,29.07611656, -∞,2.40E+17, ∞, ,,
04/03/2022 07:39,14.24980831,0.562503874,12.78510761,0,-1.713104367,29.07849884, -∞,2.40E+17, ∞, ,,
04/03/2022 07:39,14.2583313,0.562503874,12.7936306,0,-1.713104367,29.08018684, -∞,2.40E+17, ∞, ,,
04/03/2022 07:39,14.36060715,0.562503874,12.80215359,0,-1.70458138,29.08092308, -∞,2.40E+17, ∞, ,,
04/03/2022 07:39,14.27537727,0.553980887,12.81919956,0,-1.696058393,29.08327484, -∞,2.40E+17, ∞, ,,
04/03/2022 07:39,14.30946922,0.553980887,12.83624554,0,-1.696058393,29.08567238, -∞,2.40E+17, ∞, ,,
04/03/2022 07:40,14.30946922,0.553980887,12.82772255,0,-1.679012418,29.08790207, -∞,2.40E+17, ∞, ,,
04/03/2022 07:40,14.3265152,0.5454579,12.8618145,0,-1.679012418,29.09006691, -∞,2.40E+17, ∞, ,,
04/03/2022 07:40,14.33503819,0.528411925,12.87886047,0,-1.67048943,29.09239197, -∞,2.40E+17, ∞, ,,
04/03/2022 07:40,14.34356117,0.553980887,12.88738346,0,-1.67048943,29.0947876, -∞,2.40E+17, ∞, ,,
04/03/2022 07:41,14.36060715,0.553980887,12.89590645,0,-1.661966443,29.09703827, -∞,2.40E+17, ∞, ,,
04/03/2022 07:41,14.36060715,0.562503874,12.90442944,0,-1.644920468,29.0994072, -∞,2.40E+17, ∞, ,,
04/03/2022 07:41,14.36913013,0.562503874,12.90442944,0,-1.644920468,29.1017704, -∞,2.40E+17, ∞, ,,
04/03/2022 07:41,14.37765312,0.562503874,12.91295242,0,-1.636397481,29.10395622, -∞,2.40E+17, ∞, ,,
04/03/2022 07:42,14.38617611,0.562503874,12.92147541,0,-1.747196317,29.1063633, -∞,2.40E+17, ∞, ,,
04/03/2022 07:42,14.38617611,0.562503874,12.92147541,0,-1.627874494,29.10871506, -∞,2.40E+17, ∞, ,,
04/03/2022 07:42,14.38617611,0.553980887,12.9299984,0,-1.627874494,29.11107635, -∞,2.40E+17, ∞, ,,
04/03/2022 07:42,14.3946991,0.562503874,12.9299984,0,-1.619351506,29.11347389, -∞,2.40E+17, ∞, ,,
04/03/2022 07:43,14.3946991,0.562503874,12.9299984,0,-1.619351506,29.11585808, -∞,2.40E+17, ∞, ,,
04/03/2022 07:43,14.3946991,0.562503874,12.9299984,0,-1.610828519,29.11826706, -∞,2.40E+17, ∞, ,,
04/03/2022 07:43,14.49697495,0.553980887,12.93852139,0,-1.610828519,29.1204586, -∞,2.40E+17, ∞, ,,
04/03/2022 07:43,14.3946991,0.562503874,12.93852139,0,-1.849472165,29.12281609, -∞,2.40E+17, ∞, ,,
04/03/2022 07:44,14.3946991,0.562503874,12.93852139,0,-1.602305532,29.12520218, -∞,2.40E+17, ∞, ,,
04/03/2022 07:44,14.40322208,0.553980887,12.93852139,0,-1.593782544,29.12757111, -∞,2.40E+17, ∞, ,,
04/03/2022 07:44,14.3946991,0.562503874,12.93852139,0,-1.585259557,29.12997627, -∞,2.40E+17, ∞, ,,
04/03/2022 07:44,14.3946991,0.647733748,12.93852139,0,-1.585259557,29.1323967, -∞,2.40E+17, ∞, ,,
04/03/2022 07:45,14.3946991,0.647733748,12.93852139,0,-1.585259557,29.13463783, -∞,2.40E+17, ∞, ,,
04/03/2022 07:45,14.3946991,0.562503874,12.93852139,0,-1.593782544,29.13703918, -∞,2.40E+17, ∞, ,,
04/03/2022 07:45,14.3946991,0.562503874,12.93852139,0,-1.661966443,29.13943863, -∞,2.40E+17, ∞, ,,
04/03/2022 07:45,14.3946991,0.519888937,12.93852139,0,-1.585259557,29.14178467, -∞,2.40E+17, ∞, ,,
04/03/2022 07:46,14.49697495,0.562503874,12.9299984,0,-1.576736569,29.14418411, -∞,2.40E+17, ∞, ,,
04/03/2022 07:46,14.3946991,0.562503874,12.93852139,0,-1.823903203,29.14648438, -∞,2.40E+17, ∞, ,,
04/03/2022 07:46,14.3946991,0.571026862,12.84476852,0,-1.576736569,29.14888382, -∞,2.40E+17, ∞, ,,
04/03/2022 07:46,14.3946991,0.571026862,11.21687794,0,-1.568213582,29.15111542, -∞,2.40E+17, ∞, ,,
04/03/2022 07:47,14.37765312,0.255702913,12.92147541,0,-2.071069956,29.15347672, -∞,2.40E+17, ∞, ,,
04/03/2022 07:47,14.14753246,0.613641798,12.6572628,0,-5.412080765,29.15590668, -∞,2.40E+17, ∞, ,,
04/03/2022 07:47,14.11344051,0.588072836,12.62317085,0,-5.548448563,29.15840149, -∞,2.40E+17, ∞, ,,
04/03/2022 07:47,14.11344051,0.596595824,12.62317085,0,-5.591063499,29.1608429, -∞,2.40E+17, ∞, ,,
04/03/2022 07:48,14.07082558,0.664779723,12.60612488,0,-5.497310638,29.1633625, -∞,2.40E+17, ∞, ,,
04/03/2022 07:48,14.0537796,0.605118811,12.5890789,0,-5.591063499,29.16586494, -∞,2.40E+17, ∞, ,,
04/03/2022 07:48,14.0537796,0.639210761,12.5890789,0,-5.642201424,29.1682148, -∞,2.40E+17, ∞, ,,
04/03/2022 07:48,14.07934856,0.605118811,12.61464787,0,-3.349518061,29.17072678, -∞,2.40E+17, ∞, ,,
04/03/2022 07:49,14.03673363,0.588072836,12.53794098,0,-5.574017525,29.17323494, -∞,2.40E+17, ∞, ,,
04/03/2022 07:49,14.03673363,0.605118811,12.56350994,0,-5.599586487,29.17578697, -∞,2.40E+17, ∞, ,,
04/03/2022 07:49,14.0537796,0.613641798,12.56350994,0,-5.565494537,29.17835045, -∞,2.40E+17, ∞, ,,
04/03/2022 07:49,14.01968765,0.613641798,12.54646397,0,-5.514356613,29.18172836, -∞,2.40E+17, ∞, ,,
04/03/2022 07:50,14.01116467,0.605118811,12.54646397,0,-5.07116127,29.18354988, -∞,2.40E+17, ∞, ,,
04/03/2022 07:50,14.01116467,0.204564974,12.54646397,0,-5.539925575,29.18581772, -∞,2.40E+17, ∞, ,,
04/03/2022 07:50,14.02821064,0.664779723,12.55498695,0,-5.787092209,29.18841743, -∞,2.40E+17, ∞, ,,
04/03/2022 07:50,14.01968765,0.622164786,12.57203293,0,-2.974506617,29.19100761, -∞,2.40E+17, ∞, ,,
04/03/2022 07:51,14.03673363,0.630687773,12.56350994,0,-4.244431496,29.19362831, -∞,2.40E+17, ∞, ,,
04/03/2022 07:51,13.99411869,0.613641798,12.53794098,0,-5.139345169,29.19624138, -∞,2.40E+17, ∞, ,,
04/03/2022 07:51,14.01116467,0.622164786,12.520895,0,-5.454695702,29.19888496, -∞,2.40E+17, ∞, ,,
04/03/2022 07:51,13.99411869,0.622164786,12.52941799,0,-5.539925575,29.20149612, -∞,2.40E+17, ∞, ,,
04/03/2022 07:52,13.99411869,0.622164786,12.520895,0,-5.531402588,29.20393944, -∞,2.40E+17, ∞, ,,
04/03/2022 07:52,14.0537796,0.630687773,12.52941799,0,-5.650724411,29.20659256, -∞,2.40E+17, ∞, ,,
04/03/2022 07:52,14.03673363,0.630687773,12.55498695,0,-3.2557652,29.20907784, -∞,2.40E+17, ∞, ,,
04/03/2022 07:52,13.9855957,0.639210761,12.520895,0,-5.369465828,29.21174431, -∞,2.40E+17, ∞, ,,
04/03/2022 07:53,13.9855957,0.639210761,12.520895,0,-5.446172714,29.21442795, -∞,2.40E+17, ∞, ,,
04/03/2022 07:53,13.9855957,0.639210761,12.520895,0,-5.522879601,29.21709824, -∞,2.40E+17, ∞, ,,
04/03/2022 07:53,13.9855957,0.639210761,12.520895,0,-5.548448563,29.21962166, -∞,2.40E+17, ∞, ,,
04/03/2022 07:53,14.01968765,0.656256735,12.54646397,0,-5.42912674,29.22219086, -∞,2.40E+17, ∞, ,,
04/03/2022 07:54,14.02821064,0.647733748,12.56350994,0,-3.358041048,29.22495842, -∞,2.40E+17, ∞, ,,
04/03/2022 07:54,13.99411869,0.656256735,12.42714214,0,-5.318327904,29.227705, -∞,2.40E+17, ∞, ,,
04/03/2022 07:54,13.99411869,0.664779723,12.52941799,0,-5.531402588,29.23046875, -∞,2.40E+17, ∞, ,,
04/03/2022 07:54,13.99411869,0.656256735,12.52941799,0,-5.608109474,29.23325157, -∞,2.40E+17, ∞, ,,
04/03/2022 07:55,14.02821064,0.664779723,12.56350994,0,-3.41770196,29.23583412, -∞,2.40E+17, ∞, ,,
04/03/2022 07:55,13.99411869,0.664779723,12.52941799,0,-5.650724411,29.23719025, -∞,2.40E+17, ∞, ,,
04/03/2022 07:55,13.99411869,0.664779723,12.49532604,0,-5.539925575,29.2385006, -∞,2.40E+17, ∞, ,,
04/03/2022 07:55,13.99411869,0.664779723,12.52941799,0,-5.574017525,29.24132538, -∞,2.40E+17, ∞, ,,
04/03/2022 07:55,14.00264168,0.664779723,12.51237202,0,-5.642201424,29.24412346, -∞,2.40E+17, ∞, ,,
04/03/2022 07:56,14.01116467,0.67330271,12.44418812,0,-5.701862335,29.24679375, -∞,2.40E+17, ∞, ,,
04/03/2022 07:56,14.03673363,0.67330271,12.46975708,0,-3.451793909,29.2496376, -∞,2.40E+17, ∞, ,,
04/03/2022 07:56,14.00264168,0.681825697,12.53794098,0,-5.471741676,29.25251389, -∞,2.40E+17, ∞, ,,
04/03/2022 07:56,14.01116467,0.681825697,12.53794098,0,-5.55697155,29.25537109, -∞,2.40E+17, ∞, ,,
04/03/2022 07:57,14.01116467,0.681825697,12.54646397,0,-5.633678436,29.25806236, -∞,2.40E+17, ∞, ,,
04/03/2022 07:57,14.01968765,0.690348685,12.55498695,0,-5.735954285,29.26097488, -∞,2.40E+17, ∞, ,,
04/03/2022 07:57,14.04525661,0.681825697,12.5890789,0,-3.315426111,29.26387405, -∞,2.40E+17, ∞, ,,
04/03/2022 07:57,14.01968765,0.698871672,12.54646397,0,-5.437649727,29.26681137, -∞,2.40E+17, ∞, ,,
04/03/2022 07:58,14.01968765,0.681825697,12.58055592,0,-3.05973649,29.26978111, -∞,2.40E+17, ∞, ,,
04/03/2022 07:58,14.01968765,0.698871672,12.56350994,0,-5.497310638,29.27270699, -∞,2.40E+17, ∞, ,,
04/03/2022 07:58,14.02821064,0.698871672,12.56350994,0,-5.599586487,29.27542114, -∞,2.40E+17, ∞, ,,
04/03/2022 07:58,14.02821064,0.70739466,12.56350994,0,-5.659247398,29.2783947, -∞,2.40E+17, ∞, ,,
04/03/2022 07:59,14.02821064,0.70739466,12.56350994,0,-5.608109474,29.28139305, -∞,2.40E+17, ∞, ,,
04/03/2022 07:59,14.02821064,0.715917647,12.56350994,0,-5.616632462,29.28417397, -∞,2.40E+17, ∞, ,,
04/03/2022 07:59,14.0537796,0.70739466,12.58055592,0,-5.71890831,29.28718758, -∞,2.40E+17, ∞, ,,
04/03/2022 07:59,14.06230259,0.715917647,12.60612488,0,-3.349518061,29.28999519, -∞,2.40E+17, ∞, ,,
04/03/2022 08:00,14.03673363,0.750009596,12.57203293,0,-5.539925575,29.29281807, -∞,2.40E+17, ∞, ,,
04/03/2022 08:00,14.04525661,0.715917647,12.57203293,0,-5.855276108,29.29586601, -∞,2.40E+17, ∞, ,,
04/03/2022 08:00,14.06230259,0.715917647,12.52941799,0,-5.710385323,29.29866791, -∞,2.40E+17, ∞, ,,
04/03/2022 08:00,14.07082558,0.724440634,12.61464787,0,-3.196104288,29.30173874, -∞,2.40E+17, ∞, ,,
04/03/2022 08:01,14.0537796,0.724440634,12.52941799,0,-5.591063499,29.30479431, -∞,2.40E+17, ∞, ,,
04/03/2022 08:01,14.0537796,0.724440634,12.5890789,0,-5.437649727,29.3079052, -∞,2.40E+17, ∞, ,,
04/03/2022 08:01,14.07934856,0.732963622,12.60612488,0,-5.966074944,29.31102943, -∞,2.40E+17, ∞, ,,
04/03/2022 08:01,14.09639454,0.741486609,12.63169384,0,-3.434747934,29.31394196, -∞,2.40E+17, ∞, ,,
04/03/2022 08:02,14.06230259,0.741486609,12.59760189,0,-5.625155449,29.31688499, -∞,2.40E+17, ∞, ,,
04/03/2022 08:02,14.07082558,0.750009596,12.49532604,0,-5.68481636,29.31999207, -∞,2.40E+17, ∞, ,,
04/03/2022 08:02,14.10491753,0.809670508,12.62317085,0,-5.787092209,29.32315826, -∞,2.40E+17, ∞, ,,
04/03/2022 08:02,14.08787155,0.741486609,12.52941799,0,-5.292758942,29.32626724, -∞,2.40E+17, ∞, ,,
04/03/2022 08:03,14.07934856,0.741486609,12.59760189,0,-5.625155449,29.32940102, -∞,2.40E+17, ∞, ,,
04/03/2022 08:03,14.07934856,0.750009596,12.61464787,0,-5.42912674,29.332304, -∞,2.40E+17, ∞, ,,
04/03/2022 08:03,14.08787155,0.732963622,12.61464787,0,-5.735954285,29.33543015, -∞,2.40E+17, ∞, ,,
04/03/2022 08:03,14.1219635,0.758532584,12.6572628,0,-3.494408846,29.33854485, -∞,2.40E+17, ∞, ,,
04/03/2022 08:04,14.07934856,0.750009596,12.61464787,0,-4.900701523,29.34172058, -∞,2.40E+17, ∞, ,,
04/03/2022 08:04,14.07934856,0.758532584,12.61464787,0,-5.744477272,29.34490395, -∞,2.40E+17, ∞, ,,
04/03/2022 08:04,14.14753246,0.750009596,12.62317085,0,-5.821184158,29.34809494, -∞,2.40E+17, ∞, ,,
04/03/2022 08:04,14.1219635,0.758532584,12.6572628,0,-3.519977808,29.35129356, -∞,2.40E+17, ∞, ,,
04/03/2022 08:05,14.09639454,0.741486609,12.63169384,0,-5.054115295,29.3542366, -∞,2.40E+17, ∞, ,,
04/03/2022 08:05,14.13048649,0.767055571,12.60612488,0,-5.974597931,29.35697174, -∞,2.40E+17, ∞, ,,
04/03/2022 08:05,14.09639454,0.750009596,12.64021683,0,-5.608109474,29.36014557, -∞,2.40E+17, ∞, ,,
04/03/2022 08:06,14.10491753,0.767055571,12.63169384,0,-5.778569221,29.36410904, -∞,2.40E+17, ∞, ,,
04/03/2022 08:06,14.10491753,0.767055571,12.63169384,0,-5.667770386,29.36634636, -∞,2.40E+17, ∞, ,,
04/03/2022 08:06,14.1219635,0.775578558,12.64873981,0,-5.855276108,29.3696022, -∞,2.40E+17, ∞, ,,
04/03/2022 08:06,14.13048649,0.775578558,12.61464787,0,-3.2557652,29.37287712, -∞,2.40E+17, ∞, ,,
04/03/2022 08:06,14.11344051,0.784101546,12.64021683,0,-5.497310638,29.37589836, -∞,2.40E+17, ∞, ,,
04/03/2022 08:07,14.11344051,0.784101546,12.64021683,0,-5.582540512,29.37919044, -∞,2.40E+17, ∞, ,,
04/03/2022 08:07,14.1219635,0.792624533,12.64873981,0,-5.710385323,29.38253403, -∞,2.40E+17, ∞, ,,
04/03/2022 08:07,14.15605545,0.843762457,12.66578579,0,-5.957551956,29.38587379, -∞,2.40E+17, ∞, ,,
04/03/2022 08:07,14.22423935,0.784101546,12.67430878,0,-3.102351427,29.38920975, -∞,2.40E+17, ∞, ,,
04/03/2022 08:08,14.21571636,0.801147521,12.6572628,0,-5.539925575,29.39255905, -∞,2.40E+17, ∞, ,,
04/03/2022 08:08,14.13048649,0.792624533,12.66578579,0,-5.633678436,29.39595413, -∞,2.40E+17, ∞, ,,
04/03/2022 08:08,14.13048649,0.801147521,12.66578579,0,-5.68481636,29.39904022, -∞,2.40E+17, ∞, ,,
04/03/2022 08:08,14.13900948,0.792624533,12.66578579,0,-5.787092209,29.40214729, -∞,2.40E+17, ∞, ,,
04/03/2022 08:09,14.16457844,0.809670508,12.68283176,0,-3.460316896,29.40553284, -∞,2.40E+17, ∞, ,,
04/03/2022 08:09,14.17310143,0.809670508,12.70840073,0,-3.409178972,29.40895844, -∞,2.40E+17, ∞, ,,
04/03/2022 08:09,14.13900948,0.818193495,12.57203293,0,-5.471741676,29.41237831, -∞,2.40E+17, ∞, ,,
04/03/2022 08:09,14.13900948,0.809670508,12.67430878,0,-5.55697155,29.41580009, -∞,2.40E+17, ∞, ,,
04/03/2022 08:10,14.14753246,0.801147521,12.67430878,0,-5.608109474,29.4192028, -∞,2.40E+17, ∞, ,,
04/03/2022 08:10,14.14753246,0.809670508,12.66578579,0,-5.599586487,29.42238235, -∞,2.40E+17, ∞, ,,
04/03/2022 08:10,14.16457844,0.809670508,12.66578579,0,-5.727431297,29.42526245, -∞,2.40E+17, ∞, ,,
04/03/2022 08:10,14.17310143,0.826716483,12.71692371,0,-3.2557652,29.42868042, -∞,2.40E+17, ∞, ,,
04/03/2022 08:11,14.16457844,0.818193495,12.68283176,0,-5.505833626,29.432127, -∞,2.40E+17, ∞, ,,
04/11/2022 16:25,13.6531992,2.377900124,12.15440655,0,-7.278614998,3.389206886,-4.598599911,9.72E+17, ∞, ,,
04/11/2022 16:25,13.6531992,2.565405846,12.15440655,0,-7.380890846,3.399226665,-4.61803484,9.72E+17, ∞, ,,
04/11/2022 16:26,13.6531992,2.565405846,12.15440655,0,-7.380890846,3.399226665,-4.61803484,9.72E+17, ∞, ,,
04/11/2022 16:26,13.6531992,2.369377136,12.15440655,0,-7.440551758,3.409217119,-4.637709618,9.72E+17, ∞, ,,
04/11/2022 16:26,13.6531992,2.369377136,12.15440655,0,-7.440551758,3.409217119,-4.637709618,9.72E+17, ∞, ,,
04/11/2022 16:26,13.76399803,2.377900124,12.16292953,0,-7.508735657,3.418550968,-4.656128883,9.72E+17, ∞, ,,
04/11/2022 16:26,13.76399803,2.377900124,12.16292953,0,-7.508735657,3.418550968,-4.656128883,9.72E+17, ∞, ,,
04/11/2022 16:26,13.6531992,2.343808174,12.16292953,0,-7.440551758,3.428565264,-4.675848007,9.72E+17, ∞, ,,
04/11/2022 16:26,13.6531992,2.343808174,12.16292953,0,-7.440551758,3.428565264,-4.675848007,9.72E+17, ∞, ,,
04/11/2022 16:26,13.68729115,2.573928833,12.19702148,0,-5.292758942,3.43858242,-4.694932461,9.72E+17, ∞, ,,
04/11/2022 16:27,13.68729115,2.573928833,12.19702148,0,-5.292758942,3.43858242,-4.694932461,9.72E+17, ∞, ,,
04/11/2022 16:27,13.64467621,2.343808174,12.14588356,0,-7.380890846,3.448145151,-4.714077473,9.72E+17, ∞, ,,
04/11/2022 16:27,13.64467621,2.343808174,12.14588356,0,-7.380890846,3.448145151,-4.714077473,9.72E+17, ∞, ,,
04/11/2022 16:27,13.63615322,1.295480847,12.14588356,0,-7.406459808,3.456709385,-4.734432697,9.72E+17, ∞, ,,
04/11/2022 16:27,13.63615322,1.295480847,12.14588356,0,-7.406459808,3.456709385,-4.734432697,9.72E+17, ∞, ,,
04/11/2022 16:27,13.62763023,2.122210503,12.12883759,0,-7.363844872,3.465467453,-4.755507946,9.72E+17, ∞, ,,
04/11/2022 16:27,13.62763023,2.122210503,12.12883759,0,-7.363844872,3.465467453,-4.755507946,9.72E+17, ∞, ,,
04/11/2022 16:27,13.62763023,2.122210503,12.12883759,0,-7.483166695,3.474087954,-4.775707722,9.72E+17, ∞, ,,
04/11/2022 16:28,13.62763023,2.122210503,12.12883759,0,-7.483166695,3.474087954,-4.775707722,9.72E+17, ∞, ,,
04/11/2022 16:28,13.63615322,2.156302452,12.14588356,0,-7.389413834,3.482114077,-4.795060635,9.72E+17, ∞, ,,
04/11/2022 16:28,13.63615322,2.156302452,12.14588356,0,-7.389413834,3.482114077,-4.795060635,9.72E+17, ∞, ,,
04/11/2022 16:28,13.66172218,2.113687515,12.17145252,0,-5.181960106,3.49097991,-4.814930439,9.72E+17, ∞, ,,
04/11/2022 16:28,13.66172218,2.113687515,12.17145252,0,-5.181960106,3.49097991,-4.814930439,9.72E+17, ∞, ,,
04/11/2022 16:28,13.62763023,2.105164528,12.10326862,0,-7.457597733,3.499674559,-4.835126877,9.72E+17, ∞, ,,
04/11/2022 16:28,13.62763023,2.105164528,12.10326862,0,-7.457597733,3.499674559,-4.835126877,9.72E+17, ∞, ,,
04/11/2022 16:28,13.66172218,2.326762199,12.16292953,0,-7.253046036,3.5085783,-4.8552742,9.72E+17, ∞, ,,
04/11/2022 16:29,13.66172218,2.326762199,12.16292953,0,-7.253046036,3.5085783,-4.8552742,9.72E+17, ∞, ,,
04/11/2022 16:29,13.61910725,2.096641541,12.12883759,0,-7.542827606,3.517450094,-4.876239777,9.72E+17, ∞, ,,
04/11/2022 16:29,13.61910725,2.096641541,12.12883759,0,-7.542827606,3.517450094,-4.876239777,9.72E+17, ∞, ,,
04/11/2022 16:29,13.61910725,2.088118553,12.03508472,0,-7.329752922,3.525963068,-4.897248745,9.72E+17, ∞, ,,
04/11/2022 16:29,13.61910725,2.088118553,12.03508472,0,-7.329752922,3.525963068,-4.897248745,9.72E+17, ∞, ,,
04/11/2022 16:29,13.70433712,2.079595566,12.12883759,0,-7.517258644,3.534600735,-4.918748379,9.72E+17, ∞, ,,
04/11/2022 16:29,13.70433712,2.079595566,12.12883759,0,-7.517258644,3.534600735,-4.918748379,9.72E+17, ∞, ,,
04/11/2022 16:29,13.61910725,2.079595566,12.12883759,0,-7.457597733,3.543340206,-4.940039635,9.72E+17, ∞, ,,
04/11/2022 16:30,13.61910725,2.079595566,12.12883759,0,-7.457597733,3.543340206,-4.940039635,9.72E+17, ∞, ,,
04/11/2022 16:30,13.71286011,2.071072578,12.1203146,0,-7.542827606,3.551402807,-4.959445,9.72E+17, ∞, ,,
04/11/2022 16:30,13.71286011,2.071072578,12.1203146,0,-7.542827606,3.551402807,-4.959445,9.72E+17, ∞, ,,
04/11/2022 16:30,13.61910725,2.071072578,12.11179161,0,-7.491689682,3.560101032,-4.980718613,9.72E+17, ∞, ,,
04/11/2022 16:30,13.61910725,2.071072578,12.11179161,0,-7.491689682,3.560101032,-4.980718613,9.72E+17, ∞, ,,
04/11/2022 16:30,13.71286011,2.054026604,12.1203146,0,-7.397936821,3.568846703,-5.002688408,9.72E+17, ∞, ,,
04/11/2022 16:30,13.71286011,2.054026604,12.1203146,0,-5.181960106,3.577475309,-5.021996021,9.72E+17, ∞, ,,
04/11/2022 16:31,13.71286011,2.054026604,12.1203146,0,-5.181960106,3.577475309,-5.021996021,9.72E+17, ∞, ,,
04/11/2022 16:31,13.61910725,2.045503616,12.01803875,0,-7.372367859,3.586214066,-5.042940617,9.72E+17, ∞, ,,
04/11/2022 16:31,13.61910725,2.045503616,12.01803875,0,-7.372367859,3.586214066,-5.042940617,9.72E+17, ∞, ,,
04/11/2022 16:31,13.70433712,2.079595566,12.1884985,0,-6.639390945,3.594511509,-5.059883595,9.72E+17, ∞, ,,
04/11/2022 16:31,13.70433712,2.079595566,12.1884985,0,-6.639390945,3.594511509,-5.059883595,9.72E+17, ∞, ,,
04/11/2022 16:31,13.69581413,2.036980629,12.20554447,0,-5.812661171,3.603230953,-5.073564529,9.72E+17, ∞, ,,
04/11/2022 16:31,13.69581413,2.036980629,12.20554447,0,-5.812661171,3.603230953,-5.073564529,9.72E+17, ∞, ,,
04/11/2022 16:31,13.69581413,2.011411667,12.17997551,0,-6.596776009,3.611088991,-5.088002205,9.72E+17, ∞, ,,
04/11/2022 16:32,13.69581413,2.011411667,12.17997551,0,-6.596776009,3.611088991,-5.088002205,9.72E+17, ∞, ,,
04/11/2022 16:32,13.69581413,2.011411667,12.19702148,0,-6.52859211,3.619570255,-5.105438709,9.72E+17, ∞, ,,
04/11/2022 16:32,13.69581413,2.011411667,12.19702148,0,-6.52859211,3.619570255,-5.105438709,9.72E+17, ∞, ,,
04/11/2022 16:32,13.66172218,2.00288868,12.1884985,0,-4.951839447,3.627990246,-5.121253014,9.72E+17, ∞, ,,
04/11/2022 16:32,13.66172218,2.00288868,12.1884985,0,-4.951839447,3.627990246,-5.121253014,9.72E+17, ∞, ,,
04/11/2022 16:32,13.66172218,1.994365811,12.17145252,0,-6.562684059,3.636511087,-5.139227867,9.72E+17, ∞, ,,
04/11/2022 16:32,13.66172218,1.994365811,12.17145252,0,-6.562684059,3.636511087,-5.139227867,9.72E+17, ∞, ,,
04/11/2022 16:32,13.69581413,2.207440376,12.20554447,0,-4.414891243,3.644681454,-5.156049728,9.72E+17, ∞, ,,
04/11/2022 16:33,13.69581413,2.207440376,12.20554447,0,-4.414891243,3.644681454,-5.156049728,9.72E+17, ∞, ,,
04/11/2022 16:33,13.6531992,2.019934654,12.17145252,0,-6.315517426,3.652911186,-5.173566818,9.72E+17, ∞, ,,
04/11/2022 16:33,13.6531992,2.019934654,12.17145252,0,-6.315517426,3.652911186,-5.173566818,9.72E+17, ∞, ,,
04/11/2022 16:33,13.6531992,1.968796849,12.16292953,0,-6.52859211,3.661191225,-5.190677643,9.72E+17, ∞, ,,
04/11/2022 16:33,13.6531992,1.968796849,12.16292953,0,-6.52859211,3.661191225,-5.190677643,9.72E+17, ∞, ,,
04/11/2022 16:33,13.6531992,1.951750875,12.16292953,0,-6.460408211,3.668876886,-5.207119942,9.72E+17, ∞, ,,
04/11/2022 16:33,13.6531992,1.951750875,12.16292953,0,-6.460408211,3.668876886,-5.207119942,9.72E+17, ∞, ,,
04/11/2022 16:33,13.6531992,1.951750875,12.15440655,0,-6.059827805,3.67719388,-5.224859238,9.72E+17, ∞, ,,
04/11/2022 16:34,13.6531992,1.951750875,12.15440655,0,-6.059827805,3.67719388,-5.224859238,9.72E+17, ∞, ,,
04/11/2022 16:34,13.66172218,1.943227887,12.16292953,0,-6.554161072,3.685336351,-5.242131233,9.72E+17, ∞, ,,
04/11/2022 16:34,13.66172218,1.943227887,12.16292953,0,-6.554161072,3.685336351,-5.242131233,9.72E+17, ∞, ,,
04/11/2022 16:34,13.68729115,1.9347049,12.1884985,0,-5.753000259,3.693362951,-5.259593964,9.72E+17, ∞, ,,
04/11/2022 16:34,13.68729115,1.9347049,12.1884985,0,-5.753000259,3.693362951,-5.259593964,9.72E+17, ∞, ,,
04/11/2022 16:34,13.71286011,1.926181912,12.1884985,0,-6.20471859,3.701564074,-5.277256489,9.72E+17, ∞, ,,
04/11/2022 16:34,13.71286011,1.926181912,12.1884985,0,-6.20471859,3.701564074,-5.277256489,9.72E+17, ∞, ,,
04/11/2022 16:34,13.6531992,1.90061295,12.17997551,0,-5.369465828,3.709639311,-5.29405117,9.72E+17, ∞, ,,
04/11/2022 16:35,13.6531992,1.90061295,12.17997551,0,-5.369465828,3.709639311,-5.29405117,9.72E+17, ∞, ,,
04/11/2022 16:35,13.64467621,1.90061295,12.15440655,0,-6.716097832,3.717496157,-5.311868191,9.72E+17, ∞, ,,
04/11/2022 16:35,13.64467621,1.90061295,12.15440655,0,-6.716097832,3.717496157,-5.311868191,9.72E+17, ∞, ,,
04/11/2022 16:35,13.73842907,1.883566976,12.15440655,0,-6.485977173,3.724872112,-5.328094482,9.72E+17, ∞, ,,
04/11/2022 16:35,13.73842907,1.883566976,12.15440655,0,-6.485977173,3.724872112,-5.328094482,9.72E+17, ∞, ,,
04/11/2022 16:35,13.64467621,1.875043988,12.15440655,0,-6.588253021,3.732904673,-5.345447063,9.72E+17, ∞, ,,
04/11/2022 16:35,13.64467621,1.875043988,12.15440655,0,-6.588253021,3.732904673,-5.345447063,9.72E+17, ∞, ,,
04/11/2022 16:35,13.6531992,2.079595566,12.16292953,0,-6.588253021,3.74086237,-5.363568306,9.72E+17, ∞, ,,
04/11/2022 16:36,13.63615322,1.840952039,12.15440655,0,-6.417793274,3.751161814,-5.386162281,9.72E+17, ∞, ,,
04/11/2022 16:36,13.63615322,1.840952039,12.15440655,0,-6.417793274,3.751161814,-5.386162281,9.72E+17, ∞, ,,
04/11/2022 16:36,13.63615322,1.823906064,12.14588356,0,-6.49450016,3.756593466,-5.398328304,9.72E+17, ∞, ,,
04/11/2022 16:36,13.63615322,1.823906064,12.14588356,0,-6.49450016,3.756593466,-5.398328304,9.72E+17, ∞, ,,
04/11/2022 16:36,13.67024517,1.823906064,12.07769966,0,-5.787092209,3.764344931,-5.413158894,9.72E+17, ∞, ,,
04/11/2022 16:36,13.67024517,1.823906064,12.07769966,0,-5.787092209,3.764344931,-5.413158894,9.72E+17, ∞, ,,
04/11/2022 16:36,13.68729115,1.823906064,12.1884985,0,-5.84675312,3.771167517,-5.427001953,9.72E+17, ∞, ,,
04/11/2022 16:37,13.68729115,1.823906064,12.1884985,0,-5.84675312,3.771167517,-5.427001953,9.72E+17, ∞, ,,
04/11/2022 16:37,13.72138309,1.806860089,12.23111343,0,-3.528500795,3.778892279,-5.441379547,9.72E+17, ∞, ,,
04/11/2022 16:37,13.72138309,1.806860089,12.23111343,0,-3.528500795,3.778892279,-5.441379547,9.72E+17, ∞, ,,
04/11/2022 16:37,13.69581413,1.798337102,12.21406746,0,-3.434747934,3.786451817,-5.455469608,9.72E+17, ∞, ,,
04/11/2022 16:37,13.69581413,1.798337102,12.21406746,0,-3.434747934,3.786451817,-5.455469608,9.72E+17, ∞, ,,
04/11/2022 16:37,13.67876816,1.789814115,12.1884985,0,-5.753000259,3.794239044,-5.47171402,9.72E+17, ∞, ,,
04/11/2022 16:37,13.67876816,1.789814115,12.1884985,0,-5.753000259,3.794239044,-5.47171402,9.72E+17, ∞, ,,
04/11/2022 16:37,13.67876816,1.985842824,12.1884985,0,-6.196195602,3.801604033,-5.487371445,9.72E+17, ∞, ,,
04/11/2022 16:38,13.67876816,1.985842824,12.1884985,0,-6.196195602,3.801604033,-5.487371445,9.72E+17, ∞, ,,
04/11/2022 16:38,13.78104401,1.747199178,12.20554447,0,-3.843851328,3.808774471,-5.502514839,9.72E+17, ∞, ,,
04/11/2022 16:38,13.78104401,1.747199178,12.20554447,0,-3.843851328,3.808774471,-5.502514839,9.72E+17, ∞, ,,
04/11/2022 16:38,13.74695206,1.764245152,12.17145252,0,-6.017212868,3.816171408,-5.519228935,9.72E+17, ∞, ,,
04/11/2022 16:38,13.74695206,1.764245152,12.17145252,0,-6.017212868,3.816171408,-5.519228935,9.72E+17, ∞, ,,
04/11/2022 16:38,13.66172218,1.747199178,12.07769966,0,-5.735954285,3.823761463,-5.537282944,9.72E+17, ∞, ,,
04/11/2022 16:38,13.66172218,1.747199178,12.07769966,0,-5.735954285,3.823761463,-5.537282944,9.72E+17, ∞, ,,
04/11/2022 16:38,13.68729115,1.73867619,12.19702148,0,-6.196195602,3.830474138,-5.552776337,9.72E+17, ∞, ,,
04/11/2022 16:39,13.68729115,1.73867619,12.19702148,0,-6.196195602,3.830474138,-5.552776337,9.72E+17, ∞, ,,
04/11/2022 16:39,13.64467621,1.730153203,12.17997551,0,-4.994454384,3.837812424,-5.568715572,9.72E+17, ∞, ,,
04/11/2022 16:39,13.64467621,1.730153203,12.17997551,0,-4.994454384,3.837812424,-5.568715572,9.72E+17, ∞, ,,
04/11/2022 16:39,13.64467621,1.713107228,12.16292953,0,-6.04278183,3.845114946,-5.585877419,9.72E+17, ∞, ,,
04/11/2022 16:39,13.64467621,1.713107228,12.16292953,0,-6.04278183,3.845114946,-5.585877419,9.72E+17, ∞, ,,
04/11/2022 16:39,13.64467621,1.917658925,12.16292953,0,-6.051304817,3.852463484,-5.601106644,9.72E+17, ∞, ,,
04/11/2022 16:39,13.64467621,1.917658925,12.16292953,0,-6.051304817,3.852463484,-5.601106644,9.72E+17, ∞, ,,
04/11/2022 16:39,13.64467621,1.721630216,12.16292953,0,-6.110965729,3.859357119,-5.61823225,9.72E+17, ∞, ,,
04/11/2022 16:40,13.64467621,1.721630216,12.16292953,0,-6.110965729,3.859357119,-5.61823225,9.72E+17, ∞, ,,
04/11/2022 16:40,13.76399803,1.696061254,12.17145252,0,-6.187672615,3.866487503,-5.635540009,9.72E+17, ∞, ,,
04/11/2022 16:40,13.76399803,1.696061254,12.17145252,0,-6.187672615,3.866487503,-5.635540009,9.72E+17, ∞, ,,
04/11/2022 16:40,13.67024517,1.679015279,12.19702148,0,-3.877943277,3.873621702,-5.651381493,9.72E+17, ∞, ,,
04/11/2022 16:40,13.67024517,1.679015279,12.19702148,0,-3.877943277,3.873621702,-5.651381493,9.72E+17, ∞, ,,
04/11/2022 16:40,13.63615322,1.670492291,12.15440655,0,-6.068350792,3.880210876,-5.667812347,9.72E+17, ∞, ,,
04/11/2022 16:40,13.63615322,1.670492291,12.15440655,0,-6.068350792,3.880210876,-5.667812347,9.72E+17, ∞, ,,
04/11/2022 16:40,13.64467621,1.679015279,12.15440655,0,-6.17062664,3.887334824,-5.68443203,9.72E+17, ∞, ,,
04/11/2022 16:41,13.64467621,1.679015279,12.15440655,0,-6.17062664,3.887334824,-5.68443203,9.72E+17, ∞, ,,
04/11/2022 16:41,13.67024517,1.670492291,12.17997551,0,-6.196195602,3.894327879,-5.701453686,9.72E+17, ∞, ,,
04/11/2022 16:41,13.67024517,1.670492291,12.17997551,0,-6.196195602,3.894327879,-5.701453686,9.72E+17, ∞, ,,
04/11/2022 16:41,13.64467621,1.644923329,12.17997551,0,-4.150678635,3.901299715,-5.717334747,9.72E+17, ∞, ,,
04/11/2022 16:41,13.67876816,1.670492291,12.19702148,0,-3.903512239,3.905857325,-5.729921818,9.72E+17, ∞, ,,
04/11/2022 16:41,13.67876816,1.670492291,12.19702148,0,-3.903512239,3.905857325,-5.729921818,9.72E+17, ∞, ,,
04/11/2022 16:41,13.67876816,1.661969304,12.17997551,0,-5.84675312,3.908067703,-5.735834122,9.72E+17, ∞, ,,
04/11/2022 16:42,13.67876816,1.661969304,12.17997551,0,-5.84675312,3.908067703,-5.735834122,9.72E+17, ∞, ,,
04/11/2022 16:42,13.63615322,1.644923329,12.16292953,0,-5.863799095,3.915140152,-5.751918793,9.72E+17, ∞, ,,
04/11/2022 16:42,13.63615322,1.644923329,12.16292953,0,-5.863799095,3.915140152,-5.751918793,9.72E+17, ∞, ,,
04/11/2022 16:42,13.63615322,1.636400342,12.15440655,0,-6.034258842,3.92206049,-5.769524574,9.72E+17, ∞, ,,
04/11/2022 16:42,13.63615322,1.636400342,12.15440655,0,-6.034258842,3.92206049,-5.769524574,9.72E+17, ∞, ,,
04/11/2022 16:42,13.63615322,1.627877355,12.15440655,0,-6.153580666,3.928959608,-5.78663826,9.72E+17, ∞, ,,
04/11/2022 16:42,13.63615322,1.627877355,12.15440655,0,-6.153580666,3.928959608,-5.78663826,9.72E+17, ∞, ,,
04/11/2022 16:42,13.63615322,1.619354367,12.14588356,0,-6.076873779,3.935426235,-5.802170753,9.72E+17, ∞, ,,
04/11/2022 16:43,13.63615322,1.619354367,12.14588356,0,-6.076873779,3.935426235,-5.802170753,9.72E+17, ∞, ,,
04/11/2022 16:43,13.63615322,1.61083138,12.14588356,0,-6.102442741,3.942275286,-5.81949091,9.72E+17, ∞, ,,
04/11/2022 16:43,13.63615322,1.61083138,12.14588356,0,-6.102442741,3.942275286,-5.81949091,9.72E+17, ∞, ,,
04/11/2022 16:43,13.64467621,1.61083138,12.15440655,0,-6.221764565,3.948863745,-5.837109089,9.72E+17, ∞, ,,
04/11/2022 16:43,13.64467621,1.61083138,12.15440655,0,-6.221764565,3.948863745,-5.837109089,9.72E+17, ∞, ,,
04/11/2022 16:43,13.69581413,1.593785405,12.17997551,0,-3.877943277,3.955646992,-5.853057861,9.72E+17, ∞, ,,
04/11/2022 16:43,13.69581413,1.593785405,12.17997551,0,-3.877943277,3.955646992,-5.853057861,9.72E+17, ∞, ,,
04/11/2022 16:43,13.6531992,1.585262418,12.08622265,0,-3.852374315,3.962086678,-5.869650364,9.72E+17, ∞, ,,
04/11/2022 16:44,13.6531992,1.585262418,12.08622265,0,-3.852374315,3.962086678,-5.869650364,9.72E+17, ∞, ,,
04/11/2022 16:44,13.62763023,1.57673943,12.14588356,0,-6.017212868,3.968536854,-5.887457371,9.72E+17, ∞, ,,
04/11/2022 16:44,13.62763023,1.57673943,12.14588356,0,-6.017212868,3.968536854,-5.887457371,9.72E+17, ∞, ,,
04/11/2022 16:44,13.62763023,1.559693456,12.14588356,0,-6.102442741,3.975106239,-5.9050951,9.72E+17, ∞, ,,
04/11/2022 16:44,13.62763023,1.559693456,12.14588356,0,-6.102442741,3.975106239,-5.9050951,9.72E+17, ∞, ,,
04/11/2022 16:44,13.61910725,1.534124494,12.13736057,0,-6.145057678,3.981180429,-5.921058655,9.72E+17, ∞, ,,
04/11/2022 16:44,13.61910725,1.534124494,12.13736057,0,-6.145057678,3.981180429,-5.921058655,9.72E+17, ∞, ,,
04/11/2022 16:44,13.62763023,1.551170468,12.14588356,0,-6.128011703,3.987816095,-5.938669205,9.72E+17, ∞, ,,
04/11/2022 16:45,13.62763023,1.551170468,12.14588356,0,-6.128011703,3.987816095,-5.938669205,9.72E+17, ∞, ,,
04/11/2022 16:45,13.62763023,1.534124494,12.04360771,0,-6.153580666,3.994270086,-5.956400394,9.72E+17, ∞, ,,
04/11/2022 16:45,13.62763023,1.534124494,12.04360771,0,-6.153580666,3.994270086,-5.956400394,9.72E+17, ∞, ,,
04/11/2022 16:45,13.66172218,1.525601506,12.17997551,0,-6.213241577,4.000730515,-5.974076748,9.72E+17, ∞, ,,
04/11/2022 16:45,13.66172218,1.525601506,12.17997551,0,-6.213241577,4.000730515,-5.974076748,9.72E+17, ∞, ,,
04/11/2022 16:45,13.61910725,1.508555532,12.13736057,0,-6.017212868,4.007059097,-5.990626812,9.72E+17, ∞, ,,
04/11/2022 16:45,13.61910725,1.508555532,12.13736057,0,-6.017212868,4.007059097,-5.990626812,9.72E+17, ∞, ,,
04/11/2022 16:45,13.61910725,1.508555532,12.13736057,0,-5.488787651,4.013412952,-6.007557869,9.72E+17, ∞, ,,
04/11/2022 16:46,13.61910725,1.508555532,12.13736057,0,-5.488787651,4.013412952,-6.007557869,9.72E+17, ∞, ,,
04/11/2022 16:46,13.61910725,1.474463582,12.12883759,0,-6.076873779,4.019747734,-6.025317192,9.72E+17, ∞, ,,
04/11/2022 16:46,13.61910725,1.474463582,12.12883759,0,-6.076873779,4.019747734,-6.025317192,9.72E+17, ∞, ,,
04/11/2022 16:46,13.61058426,1.661969304,12.13736057,0,-6.093919754,4.026049614,-6.042883873,9.72E+17, ∞, ,,
04/11/2022 16:46,13.61058426,1.661969304,12.13736057,0,-6.093919754,4.026049614,-6.042883873,9.72E+17, ∞, ,,
04/11/2022 16:46,13.61910725,1.482986569,12.13736057,0,-6.145057678,4.031702518,-6.059216499,9.72E+17, ∞, ,,
04/11/2022 16:46,13.61910725,1.482986569,12.13736057,0,-6.145057678,4.031702518,-6.059216499,9.72E+17, ∞, ,,
04/11/2022 16:46,13.68729115,1.465940595,12.12883759,0,-6.153580666,4.037866592,-6.077536106,9.72E+17, ∞, ,,
04/11/2022 16:46,13.61058426,1.465940595,12.13736057,0,-6.04278183,4.04197979,-6.089598179,9.72E+17, ∞, ,,
04/11/2022 16:47,13.61058426,1.465940595,12.13736057,0,-6.04278183,4.04197979,-6.089598179,9.72E+17, ∞, ,,
04/11/2022 16:47,13.6531992,1.457417607,12.15440655,0,-6.179149628,4.0438447,-6.095460415,9.72E+17, ∞, ,,
04/11/2022 16:47,13.6531992,1.457417607,12.15440655,0,-6.179149628,4.0438447,-6.095460415,9.72E+17, ∞, ,,
04/11/2022 16:47,13.62763023,1.431848645,12.16292953,0,-3.681914568,4.049981117,-6.112066746,9.72E+17, ∞, ,,
04/11/2022 16:47,13.62763023,1.431848645,12.16292953,0,-3.681914568,4.049981117,-6.112066746,9.72E+17, ∞, ,,
04/11/2022 16:47,13.62763023,1.431848645,12.16292953,0,-3.681914568,4.049981117,-6.112066746,9.72E+17, ∞, ,,
04/11/2022 16:47,13.62763023,1.431848645,12.14588356,0,-5.667770386,4.062047958,-6.145224094,9.72E+17, ∞, ,,
04/11/2022 16:48,13.62763023,1.431848645,12.14588356,0,-5.667770386,4.062047958,-6.145224094,9.72E+17, ∞, ,,
04/11/2022 16:48,13.6531992,1.397756696,12.14588356,0,-5.156391144,4.068092346,-6.161716461,9.72E+17, ∞, ,,
04/11/2022 16:48,13.6531992,1.397756696,12.14588356,0,-5.156391144,4.068092346,-6.161716461,9.72E+17, ∞, ,,
04/11/2022 16:48,13.61910725,1.397756696,12.13736057,0,-5.744477272,4.073551178,-6.177065849,9.72E+17, ∞, ,,
04/11/2022 16:48,13.61910725,1.397756696,12.13736057,0,-5.744477272,4.073551178,-6.177065849,9.72E+17, ∞, ,,
04/11/2022 16:48,13.64467621,1.397756696,12.15440655,0,-5.84675312,4.079353809,-6.19384861,9.72E+17, ∞, ,,
04/11/2022 16:48,13.64467621,1.397756696,12.15440655,0,-5.84675312,4.079353809,-6.19384861,9.72E+17, ∞, ,,
04/11/2022 16:48,13.62763023,1.355141759,12.16292953,0,-3.434747934,4.084912777,-6.209531784,9.72E+17, ∞, ,,
04/11/2022 16:49,13.62763023,1.355141759,12.16292953,0,-3.434747934,4.084912777,-6.209531784,9.72E+17, ∞, ,,
04/11/2022 16:49,13.6531992,1.338095784,12.17145252,0,-5.701862335,4.090738773,-6.226409912,9.72E+17, ∞, ,,
04/11/2022 16:49,13.6531992,1.338095784,12.17145252,0,-5.701862335,4.090738773,-6.226409912,9.72E+17, ∞, ,,
04/11/2022 16:49,13.61910725,1.406279683,12.14588356,0,-3.946127176,4.096226692,-6.242264748,9.72E+17, ∞, ,,
04/11/2022 16:49,13.61910725,1.406279683,12.14588356,0,-3.946127176,4.096226692,-6.242264748,9.72E+17, ∞, ,,
04/11/2022 16:49,13.61058426,1.338095784,12.12883759,0,-5.701862335,4.101908207,-6.25917244,9.72E+17, ∞, ,,
04/11/2022 16:49,13.61058426,1.338095784,12.12883759,0,-5.701862335,4.101908207,-6.25917244,9.72E+17, ∞, ,,
04/11/2022 16:49,13.61058426,1.321049809,12.12883759,0,-5.897891045,4.107545853,-6.276076317,9.72E+17, ∞, ,,
04/11/2022 16:50,13.61058426,1.321049809,12.12883759,0,-5.897891045,4.107545853,-6.276076317,9.72E+17, ∞, ,,
04/11/2022 16:50,13.61058426,1.304003835,12.13736057,0,-5.633678436,4.112652779,-6.291247845,9.72E+17, ∞, ,,
04/11/2022 16:50,13.61058426,1.304003835,12.13736057,0,-5.633678436,4.112652779,-6.291247845,9.72E+17, ∞, ,,
04/11/2022 16:50,13.61058426,1.28695786,12.12883759,0,-5.667770386,4.118258953,-6.308238029,9.72E+17, ∞, ,,
04/11/2022 16:50,13.61058426,1.28695786,12.12883759,0,-5.667770386,4.118258953,-6.308238029,9.72E+17, ∞, ,,
04/11/2022 16:50,13.71286011,1.312526822,12.12883759,0,-5.787092209,4.123254776,-6.325234413,9.72E+17, ∞, ,,
04/11/2022 16:50,13.71286011,1.312526822,12.12883759,0,-5.787092209,4.123254776,-6.325234413,9.72E+17, ∞, ,,
04/11/2022 16:50,13.61910725,1.295480847,12.13736057,0,-5.787092209,4.128738403,-6.341934681,9.72E+17, ∞, ,,
04/11/2022 16:51,13.61910725,1.295480847,12.13736057,0,-5.787092209,4.128738403,-6.341934681,9.72E+17, ∞, ,,
04/11/2022 16:51,13.61058426,1.269911885,12.12883759,0,-5.693339348,4.134230137,-6.359531403,9.72E+17, ∞, ,,
04/11/2022 16:51,13.61058426,1.269911885,12.12883759,0,-5.693339348,4.134230137,-6.359531403,9.72E+17, ∞, ,,
04/11/2022 16:51,13.60206127,1.28695786,12.12883759,0,-5.787092209,4.139525414,-6.376745224,9.72E+17, ∞, ,,
04/11/2022 16:51,13.60206127,1.28695786,12.12883759,0,-5.787092209,4.139525414,-6.376745224,9.72E+17, ∞, ,,
04/11/2022 16:51,13.61910725,1.227296948,12.13736057,0,-5.301281929,4.144800663,-6.393867493,9.72E+17, ∞, ,,
04/11/2022 16:51,13.61910725,1.227296948,12.13736057,0,-5.301281929,4.144800663,-6.393867493,9.72E+17, ∞, ,,
04/11/2022 16:51,13.62763023,1.269911885,12.15440655,0,-3.434747934,4.149859428,-6.41023922,9.72E+17, ∞, ,,
04/11/2022 16:52,13.62763023,1.269911885,12.15440655,0,-3.434747934,4.149859428,-6.41023922,9.72E+17, ∞, ,,
04/11/2022 16:52,13.60206127,1.244342923,12.1203146,0,-5.787092209,4.161962032,-6.449545383,9.72E+17, ∞, ,,
04/11/2022 16:52,13.60206127,1.244342923,12.1203146,0,-5.787092209,4.161962032,-6.449545383,9.72E+17, ∞, ,,
04/11/2022 16:52,13.60206127,1.252865911,12.1203146,0,-5.650724411,4.165173054,-6.459932327,9.72E+17, ∞, ,,
04/11/2022 16:52,13.60206127,1.252865911,12.1203146,0,-5.650724411,4.165173054,-6.459932327,9.72E+17, ∞, ,,
04/11/2022 16:52,13.60206127,1.218773961,12.1203146,0,-5.770046234,4.170071602,-6.477039337,9.72E+17, ∞, ,,
04/11/2022 16:53,13.60206127,1.218773961,12.1203146,0,-5.770046234,4.170071602,-6.477039337,9.72E+17, ∞, ,,
04/11/2022 16:53,13.60206127,1.235819936,12.1203146,0,-5.68481636,4.175183773,-6.494556904,9.72E+17, ∞, ,,
04/11/2022 16:53,13.60206127,1.235819936,12.1203146,0,-5.68481636,4.175183773,-6.494556904,9.72E+17, ∞, ,,
04/11/2022 16:53,13.59353828,1.184682012,12.11179161,0,-5.778569221,4.180267334,-6.511545658,9.72E+17, ∞, ,,
04/11/2022 16:53,13.59353828,1.184682012,12.11179161,0,-5.778569221,4.180267334,-6.511545658,9.72E+17, ∞, ,,
04/11/2022 16:53,13.71286011,1.176159024,12.1203146,0,-5.829707146,4.185292721,-6.528687477,9.72E+17, ∞, ,,
04/11/2022 16:53,13.71286011,1.176159024,12.1203146,0,-5.829707146,4.185292721,-6.528687477,9.72E+17, ∞, ,,
04/11/2022 16:53,13.62763023,1.15911305,12.15440655,0,-3.502931833,4.190297127,-6.544981956,9.72E+17, ∞, ,,
04/11/2022 16:54,13.62763023,1.15911305,12.15440655,0,-3.502931833,4.190297127,-6.544981956,9.72E+17, ∞, ,,
04/11/2022 16:54,13.59353828,1.363664746,12.11179161,0,-5.735954285,4.194981098,-6.560008526,9.72E+17, ∞, ,,
04/11/2022 16:54,13.59353828,1.363664746,12.11179161,0,-5.735954285,4.194981098,-6.560008526,9.72E+17, ∞, ,,
04/11/2022 16:54,13.72990608,1.142067075,12.13736057,0,-5.55697155,4.199908733,-6.577176571,9.72E+17, ∞, ,,
04/11/2022 16:54,13.72990608,1.142067075,12.13736057,0,-5.55697155,4.199908733,-6.577176571,9.72E+17, ∞, ,,
04/11/2022 16:54,13.59353828,1.133544087,12.12883759,0,-4.985931396,4.20428133,-6.594557285,9.72E+17, ∞, ,,
04/11/2022 16:54,13.59353828,1.133544087,12.12883759,0,-4.985931396,4.20428133,-6.594557285,9.72E+17, ∞, ,,
04/11/2022 16:54,13.59353828,1.15911305,12.01803875,0,-5.693339348,4.209083557,-6.612559795,9.72E+17, ∞, ,,
04/11/2022 16:55,13.59353828,1.15911305,12.01803875,0,-5.693339348,4.209083557,-6.612559795,9.72E+17, ∞, ,,
04/11/2022 16:55,13.5850153,1.1250211,12.11179161,0,-5.667770386,4.213825703,-6.629720688,9.72E+17, ∞, ,,
04/11/2022 16:55,13.5850153,1.1250211,12.11179161,0,-5.667770386,4.213825703,-6.629720688,9.72E+17, ∞, ,,
04/11/2022 16:55,13.5850153,1.107975125,12.11179161,0,-5.701862335,4.218592167,-6.647501469,9.72E+17, ∞, ,,
04/11/2022 16:55,13.5850153,1.107975125,12.11179161,0,-5.701862335,4.218592167,-6.647501469,9.72E+17, ∞, ,,
04/11/2022 16:55,13.59353828,1.082406163,12.10326862,0,-5.753000259,4.223204136,-6.665257931,9.72E+17, ∞, ,,
04/11/2022 16:55,13.59353828,1.082406163,12.10326862,0,-5.753000259,4.223204136,-6.665257931,9.72E+17, ∞, ,,
04/11/2022 16:55,13.68729115,1.073883176,12.11179161,0,-5.804138184,4.227533817,-6.681530952,9.72E+17, ∞, ,,
04/11/2022 16:56,13.68729115,1.073883176,12.11179161,0,-5.804138184,4.227533817,-6.681530952,9.72E+17, ∞, ,,
04/11/2022 16:56,13.66172218,1.107975125,12.11179161,0,-5.625155449,4.232140064,-6.698160172,9.72E+17, ∞, ,,
04/11/2022 16:56,13.66172218,1.107975125,12.11179161,0,-5.625155449,4.232140064,-6.698160172,9.72E+17, ∞, ,,
04/11/2022 16:56,13.5850153,1.056837201,12.10326862,0,-5.68481636,4.236685276,-6.716375828,9.72E+17, ∞, ,,
04/11/2022 16:56,13.5850153,1.056837201,12.10326862,0,-5.68481636,4.236685276,-6.716375828,9.72E+17, ∞, ,,
04/11/2022 16:56,13.5850153,1.048314214,12.10326862,0,-5.795615196,4.241250038,-6.734409809,9.72E+17, ∞, ,,
04/11/2022 16:56,13.5850153,1.048314214,12.10326862,0,-5.795615196,4.241250038,-6.734409809,9.72E+17, ∞, ,,
04/11/2022 16:56,13.61910725,1.082406163,12.12883759,0,-5.872322083,4.245802879,-6.752527714,9.72E+17, ∞, ,,
04/11/2022 16:57,13.61910725,1.082406163,12.12883759,0,-5.872322083,4.245802879,-6.752527714,9.72E+17, ∞, ,,
04/11/2022 16:57,13.57649231,1.022745252,12.10326862,0,-5.770046234,4.249904156,-6.770029068,9.72E+17, ∞, ,,
04/11/2022 16:57,13.57649231,1.022745252,12.10326862,0,-5.770046234,4.249904156,-6.770029068,9.72E+17, ∞, ,,
04/11/2022 16:57,13.61910725,1.031268239,12.12883759,0,-5.957551956,4.254013062,-6.788640499,9.72E+17, ∞, ,,
04/11/2022 16:57,13.61910725,1.031268239,12.12883759,0,-5.957551956,4.254013062,-6.788640499,9.72E+17, ∞, ,,
04/11/2022 16:57,13.5850153,1.031268239,12.1203146,0,-5.352419853,4.258312225,-6.806005001,9.72E+17, ∞, ,,
04/11/2022 16:57,13.57649231,1.005699277,12.00099277,0,-5.821184158,4.260939121,-6.817452908,9.72E+17, ∞, ,,
04/11/2022 16:57,13.57649231,1.005699277,12.00099277,0,-5.821184158,4.260939121,-6.817452908,9.72E+17, ∞, ,,
04/11/2022 16:57,13.5850153,1.022745252,12.11179161,0,-5.190483093,4.262268066,-6.822071552,9.72E+17, ∞, ,,
04/11/2022 16:58,13.5850153,1.022745252,12.11179161,0,-5.190483093,4.262268066,-6.822071552,9.72E+17, ∞, ,,
04/11/2022 16:58,13.57649231,0.988653243,12.09474564,0,-5.68481636,4.26655674,-6.840247154,9.72E+17, ∞, ,,
04/11/2022 16:58,13.57649231,0.988653243,12.09474564,0,-5.68481636,4.26655674,-6.840247154,9.72E+17, ∞, ,,
04/11/2022 16:58,13.57649231,1.005699277,12.10326862,0,-5.505833626,4.270906925,-6.85848093,9.72E+17, ∞, ,,
04/11/2022 16:58,13.57649231,1.005699277,12.10326862,0,-5.505833626,4.270906925,-6.85848093,9.72E+17, ∞, ,,
04/11/2022 16:58,13.56796932,0.971607268,12.09474564,0,-5.829707146,4.275124073,-6.877024651,9.72E+17, ∞, ,,
04/11/2022 16:58,13.56796932,0.971607268,12.09474564,0,-5.829707146,4.275124073,-6.877024651,9.72E+17, ∞, ,,
04/11/2022 16:58,13.61058426,0.971607268,12.09474564,0,-3.528500795,4.279043674,-6.895065784,9.72E+17, ∞, ,,
04/11/2022 16:59,13.61058426,0.971607268,12.09474564,0,-3.528500795,4.279043674,-6.895065784,9.72E+17, ∞, ,,
04/11/2022 16:59,13.61058426,0.954561293,12.10326862,0,-3.537023783,4.283191204,-6.913853168,9.72E+17, ∞, ,,
04/11/2022 16:59,13.61058426,0.954561293,12.10326862,0,-3.537023783,4.283191204,-6.913853168,9.72E+17, ∞, ,,
04/11/2022 16:59,13.56796932,0.954561293,12.09474564,0,-5.650724411,4.287187099,-6.931706429,9.72E+17, ∞, ,,
04/11/2022 16:59,13.56796932,0.954561293,12.09474564,0,-5.650724411,4.287187099,-6.931706429,9.72E+17, ∞, ,,
04/11/2022 16:59,13.57649231,0.946038306,12.09474564,0,-5.676293373,4.291139126,-6.950171471,9.72E+17, ∞, ,,
04/11/2022 16:59,13.57649231,0.946038306,12.09474564,0,-5.676293373,4.291139126,-6.950171471,9.72E+17, ∞, ,,
04/11/2022 16:59,13.67024517,0.928992331,12.09474564,0,-5.693339348,4.294804573,-6.966962814,9.72E+17, ∞, ,,
04/11/2022 17:00,13.67024517,0.928992331,12.09474564,0,-5.693339348,4.294804573,-6.966962814,9.72E+17, ∞, ,,
04/11/2022 17:00,13.56796932,0.928992331,12.09474564,0,-3.477362871,4.298789501,-6.984391212,9.72E+17, ∞, ,,
04/11/2022 17:00,13.56796932,0.928992331,12.09474564,0,-3.477362871,4.298789501,-6.984391212,9.72E+17, ∞, ,,
04/11/2022 17:00,13.66172218,0.920469344,12.09474564,0,-5.667770386,4.302613258,-7.00315237,9.72E+17, ∞, ,,
04/11/2022 17:00,13.66172218,0.920469344,12.09474564,0,-5.667770386,4.302613258,-7.00315237,9.72E+17, ∞, ,,
04/11/2022 17:00,13.55944633,0.911946356,12.07769966,0,-5.778569221,4.306446075,-7.022123814,9.72E+17, ∞, ,,
04/11/2022 17:00,13.55944633,0.911946356,12.07769966,0,-5.778569221,4.306446075,-7.022123814,9.72E+17, ∞, ,,
04/11/2022 17:00,13.57649231,0.911946356,12.09474564,0,-5.275712967,4.310339451,-7.040679932,9.72E+17, ∞, ,,
04/11/2022 17:01,13.57649231,0.911946356,12.09474564,0,-5.275712967,4.310339451,-7.040679932,9.72E+17, ∞, ,,
04/11/2022 17:01,13.5850153,0.920469344,12.09474564,0,-5.84675312,4.314184666,-7.059801579,9.72E+17, ∞, ,,
04/11/2022 17:01,13.5850153,0.920469344,12.09474564,0,-5.84675312,4.314184666,-7.059801579,9.72E+17, ∞, ,,
04/11/2022 17:01,13.5850153,0.886377394,12.1203146,0,-3.426224947,4.317789078,-7.077558517,9.72E+17, ∞, ,,
04/11/2022 17:01,13.5850153,0.886377394,12.1203146,0,-3.426224947,4.317789078,-7.077558517,9.72E+17, ∞, ,,
04/11/2022 17:01,13.55944633,0.894900382,12.08622265,0,-5.625155449,4.321301937,-7.094539165,9.72E+17, ∞, ,,
04/11/2022 17:01,13.55944633,0.894900382,12.08622265,0,-5.625155449,4.321301937,-7.094539165,9.72E+17, ∞, ,,
04/11/2022 17:01,13.55944633,0.085216589,12.08622265,0,-5.701862335,4.32487154,-7.113592625,9.72E+17, ∞, ,,
04/11/2022 17:02,13.55944633,0.085216589,12.08622265,0,-5.701862335,4.32487154,-7.113592625,9.72E+17, ∞, ,,
04/11/2022 17:02,13.55092335,0.852285445,12.08622265,0,-5.676293373,4.328614712,-7.131651878,9.72E+17, ∞, ,,
04/11/2022 17:02,13.55092335,0.852285445,12.08622265,0,-5.676293373,4.328614712,-7.131651878,9.72E+17, ∞, ,,
04/11/2022 17:02,13.55092335,0.843762457,12.08622265,0,-5.241621017,4.332084179,-7.150502205,9.72E+17, ∞, ,,
04/11/2022 17:02,13.55092335,0.843762457,12.08622265,0,-5.241621017,4.332084179,-7.150502205,9.72E+17, ∞, ,,
04/11/2022 17:02,13.55944633,0.869331419,12.08622265,0,-5.829707146,4.335465908,-7.169919968,9.72E+17, ∞, ,,
04/11/2022 17:02,13.55944633,0.869331419,12.08622265,0,-5.829707146,4.335465908,-7.169919968,9.72E+17, ∞, ,,
04/11/2022 17:02,13.59353828,0.860808432,12.12883759,0,-3.801236391,4.338869572,-7.188126087,9.72E+17, ∞, ,,
04/11/2022 17:42,13.43160152,0.161950037,11.96690083,0,-5.829707146,4.536723137,-10.51276207,9.72E+17, ∞, ,,
04/11/2022 17:42,13.43160152,0.161950037,11.96690083,0,-5.829707146,4.536723137,-10.51276207,9.72E+17, ∞, ,,
04/11/2022 17:42,13.43160152,0.15342705,11.9839468,0,-5.386511803,4.53682375,-10.51554298,9.72E+17, ∞, ,,
04/11/2022 17:43,13.43160152,0.15342705,11.9839468,0,-5.386511803,4.53682375,-10.51554298,9.72E+17, ∞, ,,
04/11/2022 17:43,13.43160152,0.127858087,11.9839468,0,-3.511454821,4.537499905,-10.53707504,9.72E+17, ∞, ,,
04/11/2022 17:43,13.43160152,0.127858087,11.9839468,0,-3.511454821,4.537499905,-10.53707504,9.72E+17, ∞, ,,
04/11/2022 17:43,13.40603256,0.161950037,11.94985485,0,-5.599586487,4.538188934,-10.55905819,9.72E+17, ∞, ,,
04/11/2022 17:43,13.40603256,0.161950037,11.94985485,0,-5.599586487,4.538188934,-10.55905819,9.72E+17, ∞, ,,
04/11/2022 17:43,13.40603256,0.170473024,11.88167095,0,-5.701862335,4.538901329,-10.58068085,9.72E+17, ∞, ,,
04/11/2022 17:43,13.40603256,0.170473024,11.88167095,0,-5.701862335,4.538901329,-10.58068085,9.72E+17, ∞, ,,
04/11/2022 17:43,13.40603256,0.170473024,11.94985485,0,-5.710385323,4.539577961,-10.60110664,9.72E+17, ∞, ,,
04/11/2022 17:44,13.40603256,0.170473024,11.94985485,0,-5.710385323,4.539577961,-10.60110664,9.72E+17, ∞, ,,
04/11/2022 17:44,13.41455555,0.187518999,11.94985485,0,-5.829707146,4.540558338,-10.62273026,9.72E+17, ∞, ,,
04/11/2022 17:44,13.41455555,0.187518999,11.94985485,0,-5.829707146,4.540558338,-10.62273026,9.72E+17, ∞, ,,
04/11/2022 17:44,13.44012451,0.187518999,11.9839468,0,-3.537023783,4.541489601,-10.64339256,9.72E+17, ∞, ,,
04/11/2022 17:44,13.44012451,0.187518999,11.9839468,0,-3.537023783,4.541489601,-10.64339256,9.72E+17, ∞, ,,
04/11/2022 17:44,13.39750957,0.187518999,11.94985485,0,-5.582540512,4.54225111,-10.66458035,9.72E+17, ∞, ,,
04/11/2022 17:44,13.39750957,0.187518999,11.94985485,0,-5.582540512,4.54225111,-10.66458035,9.72E+17, ∞, ,,
04/11/2022 17:44,13.22704983,0.187518999,11.94133186,0,-5.625155449,4.543262482,-10.68451977,9.72E+17, ∞, ,,
04/11/2022 17:45,13.22704983,0.187518999,11.94133186,0,-5.625155449,4.543262482,-10.68451977,9.72E+17, ∞, ,,
04/12/2022 16:34,13.96002674,0.315337241,12.50384903,0,-1.014219403,69.25849152,-11.96433544,9.72E+17, ∞, ,,
04/12/2022 16:34,13.96002674,0.315337241,12.50384903,0,-1.014219403,69.25849152,-11.96433544,9.72E+17, ∞, ,,
04/12/2022 16:34,13.96002674,0.434659064,12.49532604,0,-0.818190753,69.25883484,-11.96491814,9.72E+17, ∞, ,,
04/12/2022 16:34,13.96002674,0.434659064,12.49532604,0,-0.818190753,69.25883484,-11.96491814,9.72E+17, ∞, ,,
04/12/2022 16:34,13.96002674,0.306814253,12.40157318,0,-1.014219403,69.26014709,-11.96782207,9.72E+17, ∞, ,,
04/12/2022 16:34,13.96002674,0.306814253,12.40157318,0,-1.014219403,69.26014709,-11.96782207,9.72E+17, ∞, ,,
04/12/2022 16:34,13.96002674,0.519888937,12.49532604,0,-1.014219403,69.2614975,-11.9708004,9.72E+17, ∞, ,,
04/12/2022 16:34,13.96002674,0.519888937,12.49532604,0,-1.014219403,69.2614975,-11.9708004,9.72E+17, ∞, ,,
04/12/2022 16:34,13.96002674,0.298291266,12.37600422,0,-1.014219403,69.26275635,-11.9737339,9.72E+17, ∞, ,,
04/12/2022 16:35,13.96002674,0.298291266,12.37600422,0,-1.014219403,69.26275635,-11.9737339,9.72E+17, ∞, ,,
04/12/2022 16:35,13.95150375,0.289768279,12.49532604,0,-1.014219403,69.26403046,-11.97689629,9.72E+17, ∞, ,,
04/12/2022 16:35,13.95150375,0.289768279,12.49532604,0,-1.014219403,69.26403046,-11.97689629,9.72E+17, ∞, ,,
04/12/2022 16:35,13.96002674,0.366475165,12.49532604,0,-1.014219403,69.26530457,-11.9799099,9.72E+17, ∞, ,,
04/12/2022 16:35,13.96002674,0.366475165,12.49532604,0,-1.014219403,69.26530457,-11.9799099,9.72E+17, ∞, ,,
04/12/2022 16:35,13.95150375,0.494346559,12.47828007,0,-1.014219403,69.26656342,-11.98259926,9.72E+17, ∞, ,,
04/12/2022 16:35,13.95150375,0.494346559,12.47828007,0,-1.014219403,69.26656342,-11.98259926,9.72E+17, ∞, ,,
04/12/2022 16:35,13.95150375,0.323860228,12.46123409,0,-1.014219403,69.26781464,-11.98570347,9.72E+17, ∞, ,,
04/12/2022 16:36,13.95150375,0.323860228,12.46123409,0,-1.014219403,69.26781464,-11.98570347,9.72E+17, ∞, ,,
04/12/2022 16:36,13.95150375,0.289768279,12.49532604,0,-1.014219403,69.26909637,-11.98883247,9.72E+17, ∞, ,,
04/12/2022 16:36,13.95150375,0.289768279,12.49532604,0,-1.014219403,69.26909637,-11.98883247,9.72E+17, ∞, ,,
04/12/2022 16:36,14.06230259,0.272722304,12.48680305,0,-1.014219403,69.27027893,-11.99191475,9.72E+17, ∞, ,,
04/12/2022 16:36,14.06230259,0.272722304,12.48680305,0,-1.014219403,69.27027893,-11.99191475,9.72E+17, ∞, ,,
04/12/2022 16:36,13.95150375,0.272722304,12.48680305,0,-1.014219403,69.27150726,-11.9950428,9.72E+17, ∞, ,,
04/12/2022 16:36,13.95150375,0.272722304,12.48680305,0,-1.014219403,69.27150726,-11.9950428,9.72E+17, ∞, ,,
04/12/2022 16:36,13.94298077,0.272722304,12.48680305,0,-1.014219403,69.27267456,-11.99831963,9.72E+17, ∞, ,,
04/12/2022 16:37,13.94298077,0.272722304,12.48680305,0,-1.014219403,69.27267456,-11.99831963,9.72E+17, ∞, ,,
04/12/2022 16:37,13.95150375,0.272722304,12.47828007,0,-1.116495252,69.27384949,-12.00156593,9.72E+17, ∞, ,,
04/12/2022 16:37,13.95150375,0.272722304,12.47828007,0,-1.116495252,69.27384949,-12.00156593,9.72E+17, ∞, ,,
04/12/2022 16:37,13.95150375,0.264199317,10.79925156,0,-1.014219403,69.2750473,-12.00463486,9.72E+17, ∞, ,,
04/12/2022 16:37,13.95150375,0.264199317,10.79925156,0,-1.014219403,69.2750473,-12.00463486,9.72E+17, ∞, ,,
04/12/2022 16:37,13.94298077,0.485796988,12.48680305,0,-1.022742391,69.27619934,-12.00740147,9.72E+17, ∞, ,,
04/12/2022 16:37,13.94298077,0.485796988,12.48680305,0,-1.022742391,69.27619934,-12.00740147,9.72E+17, ∞, ,,
04/12/2022 16:37,13.94298077,0.272722304,12.48680305,0,-1.014219403,69.27732086,-12.01062393,9.72E+17, ∞, ,,
04/12/2022 16:38,13.94298077,0.272722304,12.48680305,0,-1.014219403,69.27732086,-12.01062393,9.72E+17, ∞, ,,
04/12/2022 16:38,13.94298077,0.264199317,12.48680305,0,-1.022742391,69.27851105,-12.01376724,9.72E+17, ∞, ,,
04/12/2022 16:38,13.94298077,0.264199317,12.48680305,0,-1.022742391,69.27851105,-12.01376724,9.72E+17, ∞, ,,
04/12/2022 16:38,13.94298077,0.255676329,12.47828007,0,-1.014219403,69.27959442,-12.01711941,9.72E+17, ∞, ,,
04/12/2022 16:38,13.94298077,0.255676329,12.47828007,0,-1.014219403,69.27959442,-12.01711941,9.72E+17, ∞, ,,
04/12/2022 16:38,13.95150375,0.255676329,12.47828007,0,-1.014219403,69.28075409,-12.02027893,9.72E+17, ∞, ,,
04/12/2022 16:38,13.95150375,0.255676329,12.47828007,0,-1.014219403,69.28075409,-12.02027893,9.72E+17, ∞, ,,
04/12/2022 16:38,13.94298077,0.255676329,12.47828007,0,-1.022742391,69.28180695,-12.02357578,9.72E+17, ∞, ,,
04/12/2022 16:39,13.94298077,0.255676329,12.47828007,0,-1.022742391,69.28180695,-12.02357578,9.72E+17, ∞, ,,
04/12/2022 16:39,13.94298077,0.247153357,12.47828007,0,-1.014219403,69.28292084,-12.02680206,9.72E+17, ∞, ,,
04/12/2022 16:39,13.93445778,0.247153357,12.44418812,0,-1.014219403,69.28397369,-12.02986336,9.72E+17, ∞, ,,
04/12/2022 16:39,13.93445778,0.247153357,12.44418812,0,-1.014219403,69.28397369,-12.02986336,9.72E+17, ∞, ,,
04/12/2022 16:39,14.03673363,0.238630369,12.47828007,0,-1.014219403,69.28505707,-12.03309059,9.72E+17, ∞, ,,
04/12/2022 16:39,14.03673363,0.238630369,12.47828007,0,-1.014219403,69.28505707,-12.03309059,9.72E+17, ∞, ,,
04/12/2022 16:39,13.94298077,0.247153357,12.47828007,0,-1.022742391,69.28607178,-12.03646851,9.72E+17, ∞, ,,
04/12/2022 16:40,13.94298077,0.247153357,12.47828007,0,-1.022742391,69.28607178,-12.03646851,9.72E+17, ∞, ,,
04/12/2022 16:40,13.93445778,0.230107382,12.47828007,0,-1.022742391,69.28712463,-12.03979588,9.72E+17, ∞, ,,
04/12/2022 16:40,13.93445778,0.230107382,12.47828007,0,-1.022742391,69.28712463,-12.03979588,9.72E+17, ∞, ,,
04/12/2022 16:40,13.93445778,0.230107382,12.47828007,0,-1.014219403,69.28811646,-12.04318142,9.72E+17, ∞, ,,
04/12/2022 16:40,13.93445778,0.230107382,12.47828007,0,-1.014219403,69.28811646,-12.04318142,9.72E+17, ∞, ,,
04/12/2022 16:40,13.93445778,0.230107382,12.46975708,0,-1.014219403,69.28925323,-12.0463438,9.72E+17, ∞, ,,
04/12/2022 16:40,13.93445778,0.230107382,12.46975708,0,-1.014219403,69.28925323,-12.0463438,9.72E+17, ∞, ,,
04/12/2022 16:40,13.93445778,0.230107382,12.39305019,0,-1.022742391,69.29020691,-12.04966259,9.72E+17, ∞, ,,
04/12/2022 16:41,13.93445778,0.230107382,12.39305019,0,-1.022742391,69.29020691,-12.04966259,9.72E+17, ∞, ,,
04/12/2022 16:41,13.92593479,0.221584395,12.46975708,0,-1.073880315,69.29118347,-12.05270386,9.72E+17, ∞, ,,
04/12/2022 16:41,13.92593479,0.221584395,12.46975708,0,-1.073880315,69.29118347,-12.05270386,9.72E+17, ∞, ,,
04/12/2022 16:41,14.02821064,0.230107382,12.46975708,0,-1.022742391,69.29216766,-12.05598068,9.72E+17, ∞, ,,
04/12/2022 16:41,14.02821064,0.230107382,12.46975708,0,-1.022742391,69.29216766,-12.05598068,9.72E+17, ∞, ,,
04/12/2022 16:41,13.93445778,0.221584395,12.46975708,0,-1.022742391,69.29311371,-12.0593586,9.72E+17, ∞, ,,
04/12/2022 16:41,13.93445778,0.221584395,12.46975708,0,-1.022742391,69.29311371,-12.0593586,9.72E+17, ∞, ,,
04/12/2022 16:41,13.92593479,0.221584395,12.46975708,0,-0.801144779,69.29413605,-12.06255436,9.72E+17, ∞, ,,
04/12/2022 16:42,13.92593479,0.221584395,12.46975708,0,-0.801144779,69.29413605,-12.06255436,9.72E+17, ∞, ,,
04/12/2022 16:42,13.95150375,0.221584395,12.46975708,0,-1.014219403,69.29508209,-12.06585789,9.72E+17, ∞, ,,
04/12/2022 16:42,13.95150375,0.221584395,12.46975708,0,-1.014219403,69.29508209,-12.06585789,9.72E+17, ∞, ,,
04/12/2022 16:42,13.92593479,0.213061407,12.46975708,0,-1.269909024,69.29598999,-12.06939888,9.72E+17, ∞, ,,
04/12/2022 16:42,13.92593479,0.213061407,12.46975708,0,-1.269909024,69.29598999,-12.06939888,9.72E+17, ∞, ,,
04/12/2022 16:42,13.92593479,0.213061407,12.46975708,0,-1.014219403,69.29712677,-12.0726347,9.72E+17, ∞, ,,
04/12/2022 16:42,13.92593479,0.213061407,12.46975708,0,-1.014219403,69.29712677,-12.0726347,9.72E+17, ∞, ,,
04/12/2022 16:42,13.92593479,0.213061407,12.46123409,0,-1.014219403,69.29821014,-12.07591248,9.72E+17, ∞, ,,
04/12/2022 16:43,13.92593479,0.213061407,12.46123409,0,-1.014219403,69.29821014,-12.07591248,9.72E+17, ∞, ,,
04/12/2022 16:43,13.92593479,0.213061407,12.46123409,0,-1.014219403,69.29903412,-12.07899284,9.72E+17, ∞, ,,
04/12/2022 16:43,13.92593479,0.213061407,12.46123409,0,-1.014219403,69.29903412,-12.07899284,9.72E+17, ∞, ,,
04/12/2022 16:43,13.92593479,0.20453842,12.46123409,0,-1.022742391,69.2999115,-12.08260727,9.72E+17, ∞, ,,
04/12/2022 16:43,13.92593479,0.20453842,12.46123409,0,-1.022742391,69.2999115,-12.08260727,9.72E+17, ∞, ,,
04/12/2022 16:43,13.92593479,0.20453842,12.46123409,0,-1.269909024,69.30083466,-12.08612061,9.72E+17, ∞, ,,
04/12/2022 16:43,13.92593479,0.20453842,12.46123409,0,-1.269909024,69.30083466,-12.08612061,9.72E+17, ∞, ,,
04/12/2022 16:43,13.92593479,0.196015432,12.46123409,0,-1.014219403,69.30171204,-12.08955193,9.72E+17, ∞, ,,
04/12/2022 16:44,13.92593479,0.196015432,12.46123409,0,-1.014219403,69.30171204,-12.08955193,9.72E+17, ∞, ,,
04/12/2022 16:44,13.9174118,0.20453842,12.46123409,0,-1.269909024,69.30266571,-12.09301758,9.72E+17, ∞, ,,
04/12/2022 16:44,13.9174118,0.20453842,12.46123409,0,-1.269909024,69.30266571,-12.09301758,9.72E+17, ∞, ,,
04/12/2022 16:44,13.9174118,0.196015432,12.45271111,0,-1.269909024,69.30467987,-12.10112572,9.72E+17, ∞, ,,
04/12/2022 16:44,13.9174118,0.196015432,12.45271111,0,-1.269909024,69.30467987,-12.10112572,9.72E+17, ∞, ,,
04/12/2022 16:44,13.9174118,0.196015432,12.46123409,0,-1.014219403,69.30525208,-12.10348129,9.72E+17, ∞, ,,
04/12/2022 16:45,13.9174118,0.196015432,12.46123409,0,-1.014219403,69.30525208,-12.10348129,9.72E+17, ∞, ,,
04/12/2022 16:45,13.9174118,0.196015432,12.46123409,0,-1.022742391,69.30622101,-12.10667992,9.72E+17, ∞, ,,
04/12/2022 16:45,13.9174118,0.196015432,12.46123409,0,-1.022742391,69.30622101,-12.10667992,9.72E+17, ∞, ,,
04/12/2022 16:45,13.9174118,0.196015432,12.46123409,0,-1.269909024,69.30718231,-12.11016083,9.72E+17, ∞, ,,
04/12/2022 16:45,13.9174118,0.196015432,12.46123409,0,-1.269909024,69.30718231,-12.11016083,9.72E+17, ∞, ,,
04/12/2022 16:45,13.9174118,0.196015432,12.46123409,0,-1.014219403,69.30801392,-12.1137104,9.72E+17, ∞, ,,
04/12/2022 16:45,13.9174118,0.196015432,12.46123409,0,-1.014219403,69.30801392,-12.1137104,9.72E+17, ∞, ,,
04/12/2022 16:45,13.9174118,0.196015432,12.46123409,0,-1.022742391,69.30883026,-12.11720371,9.72E+17, ∞, ,,
04/12/2022 16:46,13.9174118,0.196015432,12.46123409,0,-1.022742391,69.30883026,-12.11720371,9.72E+17, ∞, ,,
04/12/2022 16:46,13.9174118,0.196015432,12.45271111,0,-1.022742391,69.30965424,-12.12091446,9.72E+17, ∞, ,,
04/12/2022 16:46,13.9174118,0.196015432,12.45271111,0,-1.022742391,69.30965424,-12.12091446,9.72E+17, ∞, ,,
04/12/2022 16:46,13.9174118,0.196015432,12.45271111,0,-1.022742391,69.31053162,-12.1244278,9.72E+17, ∞, ,,
04/12/2022 16:46,13.9174118,0.196015432,12.45271111,0,-1.022742391,69.31053162,-12.1244278,9.72E+17, ∞, ,,
04/12/2022 16:46,13.90888882,0.187492445,12.45271111,0,-1.031265378,69.31139374,-12.12796879,9.72E+17, ∞, ,,
04/12/2022 16:46,13.90888882,0.187492445,12.45271111,0,-1.031265378,69.31139374,-12.12796879,9.72E+17, ∞, ,,
04/12/2022 16:46,13.9174118,0.281245291,12.45271111,0,-1.022742391,69.31221771,-12.13144302,9.72E+17, ∞, ,,
04/12/2022 16:47,13.9174118,0.281245291,12.45271111,0,-1.022742391,69.31221771,-12.13144302,9.72E+17, ∞, ,,
04/12/2022 16:47,13.9174118,0.187492445,12.45271111,0,-1.022742391,69.31295013,-12.13470554,9.72E+17, ∞, ,,